temperature_c,humidity_pct,pressure_hpa,wind_speed_kmh,cloud_cover_pct,dew_point_c,cloud_type,rain_tomorrow
16.7,61.54,1011.11,19.92,74.66,9.41,Cumulus,Rain
15.59,69.65,1021.31,2.72,34.33,8.31,Cirrus,No Rain
18.37,62.87,1016.25,9.63,14.3,12.0,Cirrus,No Rain
15.83,80.65,1003.09,23.7,0,11.24,Cirrus,Rain
23.98,40.62,1018.78,7.57,26.94,12.87,Cirrus,No Rain
21.15,52.46,1006.26,10.18,48.0,14.44,Cumulus,No Rain
24.92,93.44,1016.05,14.12,78.4,24.75,Cumulus,No Rain
5.01,58.69,1017.79,7.26,72.36,-3.99,Stratus,No Rain
26.57,53.66,1011.44,14.23,75.98,15.09,Cumulus,No Rain
8.26,88.87,1011.85,5.2,62.66,4.82,Stratus,No Rain
29.04,64.4,1027.62,1.88,44.95,21.3,Cumulus,No Rain
7.84,81.33,1017.51,11.82,70.56,3.45,Stratus,Rain
33.52,43.9,1008.58,15.49,93.13,22.42,Cumulus,Rain
6.83,82.7,1012.03,2.37,93.24,1.81,Stratus,Rain
33.71,31.38,1019.92,4.18,71.56,20.05,Cumulus,No Rain
13.31,61.17,1028.16,11.2,11.07,5.06,Cirrus,No Rain
31.03,64.12,1003.06,5.45,67.82,23.02,Cumulus,Rain
28.2,90.48,1016.87,7.59,61.82,25.94,Cumulus,No Rain
19.07,75.39,1021.57,12.21,40.64,14.42,Cumulus,No Rain
12.53,45.1,1016.15,19.6,67.68,1.49,Cumulus,No Rain
22.39,53.45,1015.2,11.18,83.42,13.09,Cumulus,No Rain
38.39,58.88,1011.2,12.49,47.09,28,Cumulus,No Rain
16.5,99.86,1003.94,48.81,63.19,14.67,Cumulonimbus,Rain
13.08,90.81,1009.94,13.77,89.73,11.8,Cumulus,Rain
30.58,100,1016.49,15.11,63.66,28,Cumulus,No Rain
22.53,41.96,1005.78,11.12,0,10.52,Clear,No Rain
18.64,85.03,1008.81,9.18,34.16,16.84,Cirrus,Rain
22.39,77.41,1014.46,8.26,97.18,16.19,Cumulus,Rain
25.05,38.03,993.96,24.38,1.62,11.19,Clear,No Rain
-0.21,84.86,1018.33,8.39,51.18,-4.03,Cumulus,No Rain
-1.49,68.13,1014.0,11.21,44.86,-5.81,Cumulus,No Rain
18.34,63.6,1001.88,11.29,100,12.2,Cumulus,Rain
24.03,42.21,1014.5,9.04,66.72,13.15,Cumulus,No Rain
0.88,65.03,1015.73,22.07,22.57,-5.19,Cirrus,No Rain
34.23,23.89,1018.16,2.64,1.34,17.64,Clear,No Rain
36.09,70.87,1006.15,29.25,63.89,28,Cumulonimbus,Rain
19.82,51.21,1017.18,9.41,57.72,11.01,Cumulus,No Rain
16.5,89.62,1010.83,5.17,51.73,13.39,Cumulus,No Rain
9.14,82.32,1011.63,0.82,98.96,3.75,Stratus,Rain
14.57,59.99,1014.3,17.17,33.75,8.71,Cirrus,No Rain
14.64,84.09,1006.52,5.59,68.49,13.14,Cumulus,Rain
13.05,57.07,1021.57,11.34,37.35,3.35,Cumulus,No Rain
-1.09,72.22,1013.39,4.6,38.63,-7.37,Cumulus,No Rain
11.97,58.35,1006.95,7.88,61.39,3.26,Stratus,No Rain
22.75,94.02,1006.02,20.58,55.74,22.55,Cumulus,Rain
23.88,58.62,1011.71,7.96,6.53,16.19,Cirrus,No Rain
-0.19,37.36,1020.55,19.19,30.69,-11.98,Cirrus,No Rain
8.08,49.7,1012.98,7.93,58.37,-3.43,Cumulus,No Rain
24.53,72.68,1011.04,13.72,79.35,19.28,Cumulus,No Rain
31.75,44.08,1017.49,11.06,1.75,21.82,Clear,No Rain
27.53,38.31,1011.36,9.84,57.08,16.99,Cumulus,No Rain
0.26,38.94,1008.89,7.43,48.75,-11.84,Cumulus,No Rain
13.54,71.79,1007.91,15.87,57.98,6.68,Nimbus,No Rain
25.17,73.49,1008.24,8.16,30.61,20.17,Cirrus,No Rain
26.98,58.68,1016.59,4.17,27.82,19.01,Cirrus,No Rain
18.57,54.32,1007.92,12.23,84.65,9.0,Cumulus,Rain
-0.24,33.2,1009.26,6.35,7.39,-15,Clear,No Rain
8.18,31.24,1025.45,7.02,65.13,-6.35,Stratus,No Rain
11.46,31.85,1014.96,3.3,20.34,-2.41,Cirrus,Rain
15.11,44.65,1016.47,11.41,79.14,3.2,Cumulus,No Rain
5.07,61.05,998.59,21.78,13.15,-1.98,Cirrus,No Rain
7.28,79.83,1009.42,11.76,17.35,2.49,Cirrus,No Rain
13.27,85.61,1008.21,8.52,72.12,11.51,Cumulus,Rain
10.16,66.11,1020.16,14.08,11.33,3.66,Cirrus,Rain
15.49,84.58,1012.5,10.16,96.31,10.15,Cumulus,Rain
42,48.6,1013.96,7.62,36.53,28,Cumulus,No Rain
23.29,95.58,1010.23,21.03,91.85,24.66,Cumulus,Rain
15.92,54.88,1023.88,5.57,76.92,7.23,Cumulus,No Rain
18.07,55.7,1018.52,12.34,56.76,10.11,Cumulus,No Rain
16.52,86.33,1015.71,14.63,84.6,15.58,Cumulus,Rain
18.13,90.56,1002.69,15.76,73.95,14.32,Cumulus,Rain
31.44,41.62,1016.49,3.92,93.56,20.95,Cumulus,No Rain
23.82,72.23,1007.58,10.92,49.76,17.96,Cumulus,No Rain
18.44,69.88,1009.63,7.67,64.58,10.86,Cumulus,No Rain
22.82,74.42,1015.73,5.91,72.72,18.14,Cumulus,No Rain
6.33,44.13,1015.36,8.96,50.14,-3.36,Cumulus,No Rain
29.26,44.15,1010.54,7.59,51.11,19.11,Nimbus,No Rain
8.8,34.88,1005.74,6.57,33.87,-3.88,Cirrus,No Rain
27.32,16.51,1003.95,9.27,60.37,11.28,Cumulus,No Rain
25.85,37.59,1019.92,8.02,62.91,10.99,Cumulus,Rain
24.83,48.71,1021.12,15.88,66.31,14.21,Cumulus,No Rain
19.04,55.24,1028.03,12.47,20.65,8.52,Cirrus,No Rain
27.18,66.76,1014.43,5.28,100,20.12,Cumulus,No Rain
13.83,59.27,1004.03,12.42,39.92,5.87,Cumulus,No Rain
17.89,54.17,1024.47,22.5,75.47,10.65,Cumulus,No Rain
18.23,43.53,998.48,11.67,31.48,8.71,Cirrus,No Rain
35.27,23.92,1012.55,9.22,82.45,21.06,Cumulus,No Rain
13.44,58.37,1008.25,4.98,100,6.66,Cirrus,Rain
15.06,55.43,991.28,9.6,69.07,4.77,Cumulus,Rain
3.78,52.28,1016.78,19.17,60.26,-5.99,Stratus,No Rain
42,32.08,1011.83,4.94,25.13,28,Cirrus,No Rain
11.0,99.19,1016.07,8.77,76.03,12.01,Stratus,Rain
19.76,72.11,1019.66,7.81,26.76,15.01,Cirrus,No Rain
25.84,100,1012.85,33.14,71.52,26.92,Cumulonimbus,Rain
11.92,48.9,1011.99,7.03,100,0.82,Stratus,No Rain
18.7,81.71,1011.69,8.42,36.84,13.22,Stratus,No Rain
27.67,27.52,1012.93,6.86,35.01,13.24,Cumulus,No Rain
2.64,88.03,1018.44,3.24,81.09,0.48,Stratus,Rain
13.68,83.37,1016.28,12.84,100,11.71,Cumulus,Rain
35.13,53.69,1027.53,23.51,96.75,26.79,Cumulus,Rain
13.86,47.1,1017.78,4.74,25.53,3.22,Cirrus,No Rain
22.6,63.5,1019.81,16.35,40.62,14.1,Cumulus,No Rain
12.19,89.22,1005.19,12.04,23.17,9.68,Clear,Rain
14.39,55.97,1012.17,11.82,52.09,2.68,Cumulus,No Rain
23.26,82.09,1019.54,10.91,73.92,20.81,Cumulus,Rain
19.77,70.63,1009.11,17.91,81.14,13.74,Cumulus,No Rain
30.57,91.96,1000.68,16.45,66.59,28,Cumulus,Rain
20.12,58.07,1010.81,21.28,67.0,14.1,Cumulus,No Rain
18.55,64.12,1014.82,5.65,42.84,12.18,Clear,No Rain
29.78,71.38,1001.64,2.16,75.47,24.95,Cumulus,Rain
9.91,71.05,1004.7,7.45,37.95,3.75,Cumulus,No Rain
-1.49,61.87,1010.42,11.26,47.9,-10.38,Cumulus,No Rain
20.79,73.34,1004.46,18.9,28.84,14.63,Cirrus,No Rain
13.68,67.64,1008.2,16.86,1.81,6.44,Cirrus,No Rain
3.54,84.32,1001.59,9.12,81.91,0.32,Nimbus,Rain
40.29,72.1,1013.83,11.38,44.7,28,Cumulus,No Rain
5.59,53.74,998.22,8.66,85.27,-2.52,Stratus,Rain
24.49,75.66,1005.92,14.11,51.42,20.47,Cumulus,Rain
19.37,37.28,1007.37,15.49,23.18,6.73,Cirrus,No Rain
15.95,81.38,1008.48,6.69,49.15,11.85,Cumulus,Rain
27.28,78.41,1005.73,6.22,76.61,21.67,Cumulus,Rain
37.14,83.74,1023.12,11.6,32.35,28,Cirrus,No Rain
15.54,73.01,1007.32,13.41,21.2,10.78,Cirrus,No Rain
42,97.16,1007.4,21.23,78.94,28,Cumulus,Rain
11.63,62.06,1000.92,9.88,40.0,3.97,Cumulus,No Rain
8.38,56.82,1019.82,10.84,47.99,0.93,Cumulus,No Rain
27.46,57.82,1009.19,11.47,30.35,17.9,Cirrus,No Rain
21.58,64.63,1006.34,16.19,71.73,16.45,Cumulus,Rain
14.89,56.05,1016.91,6.54,67.96,6.13,Cumulus,No Rain
14.44,39.9,1014.31,14.69,84.65,1.26,Cumulus,No Rain
25.72,61.84,1003.64,16.14,66.64,17.15,Cumulus,Rain
13.45,83.65,1013.8,8.65,67.06,10.1,Cumulus,Rain
-1.57,40.98,1011.84,6.82,46.92,-15,Cumulus,No Rain
17.81,94.66,992.6,4.59,97.59,17.2,Nimbus,Rain
11.4,52.89,1018.89,21.77,41.33,3.58,Cumulus,No Rain
22.11,46.52,1009.18,8.01,92.1,11.05,Cumulus,No Rain
7.63,26.81,1007.68,17.1,93.01,-7.13,Stratus,Rain
14.34,60.05,1015.69,18.54,100,6.3,Cumulus,No Rain
16.28,64.8,1004.89,9.65,100,11.21,Cumulus,Rain
42,70.65,1002.75,13.71,14.33,28,Cirrus,No Rain
13.73,58.36,1017.17,15.94,94.02,5.34,Cumulus,No Rain
15.35,91.97,1009.91,20.65,57.08,14.63,Cumulus,No Rain
22.87,57.55,1007.47,11.55,22.23,14.63,Cirrus,No Rain
7.52,73.47,1022.36,12.38,95.43,1.46,Stratus,No Rain
22.6,70.95,1002.88,34.73,65.52,18.86,Cumulonimbus,Rain
4.22,51.12,1017.63,4.52,49.65,-5.06,Cumulus,No Rain
19.53,69.44,1019.86,25.41,39.29,11.79,Cumulus,Rain
20.4,67.44,1016.45,11.2,56.11,14.5,Cumulus,No Rain
15.68,59.98,1016.88,13.62,26.81,5.97,Cirrus,Rain
11.49,49.34,1020.31,6.81,28.81,1.19,Cirrus,No Rain
20.43,41.81,1028.13,3.39,62.25,7.4,Cumulus,No Rain
28.67,66.63,1023.69,5.06,55.63,21.35,Cumulus,No Rain
7.42,35.55,1003.02,12.34,0,-4.2,Clear,Rain
28.7,75.6,1025.51,9.07,67.67,22.58,Nimbus,Rain
8.24,92.27,1016.78,5.53,36.22,8.21,Cumulus,No Rain
8.5,88.1,1010.46,12.75,5.04,5.86,Cirrus,No Rain
4.62,42.69,1005.24,4.48,48.05,-7.41,Cumulus,No Rain
29.46,61.5,1013.89,4.34,22.12,23.4,Cirrus,No Rain
25.68,86.38,1012.42,4.13,47.69,22.17,Cumulus,No Rain
24.58,43.98,994.4,10.22,24.26,12.72,Cirrus,No Rain
18.01,74.81,1011.15,10.5,22.21,12.9,Cirrus,No Rain
24.97,55.12,1029.38,12.61,73.49,14.94,Cumulus,No Rain
29.6,80.86,1015.97,9.76,34.72,23.33,Cirrus,No Rain
13.03,90.58,1006.97,22.86,68.56,11.71,Cumulus,Rain
29.28,69.18,1002.19,13.99,92.07,24.0,Cumulus,Rain
21.99,31.2,1009.8,11.74,22.86,10.27,Cirrus,No Rain
27.71,100,995.97,3.78,80.29,28,Nimbus,Rain
22.43,38.01,1027.67,32.18,54.85,11.73,Cumulonimbus,No Rain
14.38,88.35,1007.14,16.99,54.72,10.23,Cumulus,Rain
7.38,71.0,1012.43,16.44,27.19,-0.08,Cirrus,No Rain
5.36,65.35,1007.06,12.43,100,-1.97,Stratus,Rain
11.06,43.62,1015.41,7.13,37.92,1.55,Cumulus,No Rain
22.71,63.37,1004.94,9.24,81.13,15.28,Cumulus,Rain
24.75,44.36,1019.36,7.95,68.4,14.53,Cumulus,No Rain
18.87,41.59,1002.64,9.04,51.96,8.53,Cumulus,No Rain
14.4,61.12,1014.06,12.69,37.13,5.51,Cumulus,No Rain
1.1,82.4,1010.09,10.1,7.9,-3.13,Cirrus,No Rain
15.47,31.0,1011.64,8.52,49.04,1.12,Cumulus,No Rain
20.28,47.52,1024.44,7.03,37.43,9.42,Cumulus,No Rain
18.0,43.2,1013.45,15.41,36.85,8.1,Cumulus,No Rain
17.49,48.17,1004.24,13.53,100,6.45,Cumulus,Rain
33.75,91.27,1010.67,23.04,52.53,28,Cumulus,Rain
21.2,31.13,1000.7,14.8,34.02,6.27,Cirrus,No Rain
8.93,62.86,1010.16,2.34,79.89,3.0,Stratus,No Rain
34.05,45.55,1011.75,5.82,45.0,22.35,Cumulus,No Rain
29.81,85.47,1027.63,9.66,61.16,25.01,Cumulus,No Rain
13.47,56.66,1012.22,7.51,90.78,4.51,Cumulus,No Rain
25.1,57.43,1018.76,8.41,42.83,15.54,Cumulus,No Rain
33.61,54.83,1010.34,18.98,77.32,23.71,Cumulus,No Rain
20.45,19.85,1007.54,18.29,27.18,3.36,Cirrus,No Rain
5.41,59.47,1019.82,19.11,64.36,-2.67,Stratus,No Rain
17.09,26.01,1022.33,7.04,37.55,3.85,Cumulus,No Rain
8.05,53.88,1008.84,36.54,0,-2.3,Cirrus,Rain
24.35,100,1004.66,1.71,100,26.49,Nimbus,Rain
7.88,58.73,1026.46,12.11,34.43,0.17,Cirrus,No Rain
21.48,77.75,1024.03,22.68,55.8,16.29,Cumulus,Rain
23.04,43.69,1022.18,6.76,76.59,11.37,Cumulus,No Rain
24.08,66.17,992.15,8.92,95.67,17.44,Cumulus,Rain
23.68,76.58,1004.17,32.21,73.53,18.77,Cumulonimbus,Rain
22.17,54.43,1008.29,5.72,54.46,11.42,Cumulus,No Rain
7.01,69.53,1009.11,7.93,38.14,1.26,Cumulus,No Rain
15.34,87.73,1016.86,3.97,18.51,12.83,Cirrus,No Rain
13.56,63.73,1014.93,4.75,90.6,6.78,Cumulus,No Rain
8.77,85.83,1015.16,23.69,14.07,7.28,Cirrus,Rain
25.94,70.16,1035,10.92,90.0,20.3,Cumulus,No Rain
-6.79,84.62,1011.65,28.96,24.88,-8.59,Cirrus,Rain
13.26,49.8,1016.31,13.45,86.31,3.24,Cumulus,No Rain
18.74,60.95,1003.75,10.35,39.24,11.1,Cumulus,No Rain
18.22,59.91,1006.09,40.68,22.31,10.23,Cirrus,No Rain
21.35,45.91,997.68,7.88,22.65,11.09,Cirrus,No Rain
36.18,100,1013.77,14.61,100,28,Cumulus,Rain
1.54,89.18,1011.13,11.01,19.88,-1.18,Cirrus,No Rain
13.04,42.03,1019.03,16.5,62.47,-0.39,Cumulus,No Rain
15.87,75.03,1021.1,7.81,64.78,10.36,Cumulus,No Rain
10.03,75.83,1004.21,8.07,49.8,6.35,Cumulus,Rain
22.69,68.11,1009.71,10.31,65.55,16.43,Cumulus,No Rain
15.02,52.68,1016.45,8.95,100,5.74,Cumulus,No Rain
23.68,66.21,994.27,18.27,38.51,17.45,Cumulus,No Rain
5.27,71.09,1009.29,23.42,79.68,-0.43,Stratus,Rain
10.11,100,1016.53,14.04,50.61,9.13,Cumulus,No Rain
11.88,58.62,993.79,9.58,34.0,1.69,Cirrus,No Rain
19.03,62.99,1004.59,5.86,78.66,13.93,Cumulus,Rain
0.99,59.27,1025.19,5.81,78.27,-6.53,Stratus,No Rain
20.13,91.47,1016.23,40.01,52.31,18.25,Cumulonimbus,Rain
32.33,68.36,1005.59,12.85,49.88,23.42,Cumulus,No Rain
27.01,50.32,1011.09,15.8,24.59,18.77,Cirrus,No Rain
11.5,68.8,1009.8,2.94,32.64,4.29,Cirrus,No Rain
25.14,98.54,1019.67,16.55,100,24.38,Cumulus,Rain
20.46,100,1008.33,8.36,21.14,20.07,Cirrus,Rain
11.31,81.74,1026.08,5.95,82.74,5.17,Stratus,Rain
2.0,49.16,1007.58,10.44,23.68,-7.7,Cirrus,No Rain
4.68,59.86,1014.99,7.65,24.5,-4.36,Cirrus,No Rain
12.11,90.16,1013.83,7.58,25.04,9.59,Cirrus,No Rain
22.07,67.32,1005.37,7.91,51.91,16.7,Cumulus,No Rain
11.45,77.09,1028.07,11.63,91.45,7.28,Stratus,Rain
20.3,55.69,1011.71,4.72,14.77,10.24,Cirrus,Rain
4.6,82.92,1010.39,13.27,19.59,1.64,Cirrus,No Rain
24.23,72.99,1017.58,8.88,11.75,21.04,Cirrus,No Rain
10.6,50.19,1012.61,10.67,57.45,-1.1,Cumulus,No Rain
30.28,77.94,1001.61,15.09,20.6,24.75,Cirrus,Rain
11.67,75.46,1010.93,9.36,15.54,7.02,Cirrus,No Rain
9.64,77.6,1011.91,19.52,67.56,7.24,Stratus,Rain
27.24,35.9,1009.96,8.94,41.43,15.13,Cumulus,No Rain
25.78,43.42,1005.9,13.58,74.9,13.55,Cumulus,Rain
22.61,40.18,1015.31,7.95,48.1,11.48,Cumulus,No Rain
28.72,33.46,995.36,9.47,65.03,15.75,Cumulus,Rain
5.17,54.13,1013.4,12.01,81.66,-4.25,Stratus,No Rain
13.21,52.32,1029.28,4.63,51.78,2.57,Cumulus,No Rain
9.74,62.55,1022.47,11.79,80.79,4.07,Cumulus,No Rain
21.93,59.7,1007.7,6.56,0,12.76,Cirrus,No Rain
23.15,91.22,1010.23,15.63,57.82,20.4,Cumulus,No Rain
13.11,65.53,997.45,3.99,67.49,5.66,Cumulus,Rain
16.61,100,1000.75,15.16,48.07,15.66,Cumulus,Rain
13.67,77.2,1000.47,8.84,67.94,9.44,Cumulus,Rain
23.65,93.07,1003.69,5.82,53.02,22.94,Cumulus,Rain
29.76,90.45,1011.99,12.57,42.9,28,Cumulus,No Rain
22.87,65.65,1020.21,12.92,0,15.5,Cirrus,No Rain
9.45,69.35,1012.99,21.07,49.59,4.79,Cumulus,No Rain
17.28,30.95,1008.27,5.3,50.78,3.98,Cumulus,Rain
10.29,60.13,1002.13,25.33,23.44,6.69,Cirrus,No Rain
21.94,45.36,1025.82,7.74,53.16,10.06,Cumulus,No Rain
13.61,70.52,1015.78,7.17,79.24,8.12,Cumulus,No Rain
11.73,92.93,1010.46,27.76,76.41,10.08,Stratus,Rain
14.36,100,999.78,18.87,58.03,12.57,Cumulus,Rain
16.91,85.54,1001.17,13.15,66.79,15.08,Cumulus,Rain
14.64,99.5,1012.21,19.76,15.04,14.99,Cirrus,No Rain
11.84,61.99,1007.01,8.32,63.27,3.41,Stratus,No Rain
28.07,48.17,1022.08,3.55,61.56,16.4,Cumulus,No Rain
17.69,65.27,1017.19,18.01,50.09,10.33,Cumulus,No Rain
13.72,56.43,1006.99,10.21,69.24,6.04,Cumulus,Rain
19.31,94.05,1011.89,12.3,53.75,18.39,Nimbus,No Rain
31.43,93.83,1022.91,18.21,56.6,28,Cumulus,No Rain
12.89,77.47,1001.14,29.51,89.48,8.18,Cumulonimbus,Rain
14.96,74.56,1018.38,7.29,88.94,9.07,Cumulus,No Rain
21.94,58.35,1021.26,9.84,86.67,13.84,Cumulus,No Rain
11.43,39.26,1004.42,8.61,100,-0.32,Stratus,Rain
13.45,56.95,1003.03,22.28,80.38,4.91,Cumulus,Rain
26.87,100,1019.23,1.92,43.77,27.95,Cumulus,No Rain
12.69,61.46,988.74,4.29,69.99,5.82,Cumulus,Rain
18.54,51.83,1015.93,18.92,29.81,9.47,Cirrus,No Rain
20.16,71.84,1027.85,9.38,85.05,14.67,Cumulus,No Rain
5.01,19.24,1019.58,7.77,67.37,-11.42,Stratus,No Rain
11.37,39.68,1012.58,12.72,58.99,-2.92,Cumulus,No Rain
16.19,64.94,995.73,19.76,75.45,8.54,Cumulus,Rain
16.01,100,1005.48,13.04,31.45,16.47,Cirrus,Rain
13.8,88.58,1004.61,5.33,100,11.55,Clear,Rain
14.19,72.65,1026.34,14.02,31.83,8.65,Cirrus,No Rain
8.63,62.05,1005.75,4.42,0,1.01,Cirrus,No Rain
40.19,59.22,1020.12,8.57,68.14,28,Cirrus,No Rain
28.1,72.06,999.18,7.84,100,21.77,Cumulus,Rain
2.63,54.72,1022.86,2.59,100,-7.63,Cumulus,Rain
7.56,43.61,999.01,19.52,34.71,-3.88,Cirrus,No Rain
32.19,64.4,1027.04,18.46,89.83,25.57,Cumulus,No Rain
17.4,68.36,1009.14,14.4,75.07,10.87,Cumulus,No Rain
22.39,35.5,1011.36,8.38,30.6,10.1,Cirrus,No Rain
32.97,76.48,1019.7,10.88,73.63,28,Cumulus,Rain
21.84,73.01,1006.15,4.76,6.78,15.56,Cirrus,No Rain
26.51,70.02,1011.88,10.84,54.74,19.6,Cumulus,No Rain
18.89,67.39,1023.01,5.66,0,11.19,Cirrus,No Rain
27.13,62.97,1026.62,5.62,67.02,18.78,Cumulonimbus,No Rain
26.52,55.22,1010.5,10.42,22.64,15.97,Cirrus,No Rain
33.63,81.41,1020.88,15.71,0,28,Cirrus,No Rain
11.04,78.98,1003.08,7.96,15.93,6.61,Cirrus,Rain
17.52,30.4,1013.78,9.7,45.33,4.45,Stratus,No Rain
30.39,43.85,1035,13.47,86.13,22.41,Cumulus,No Rain
17.94,61.18,1026.65,26.69,22.24,11.99,Cirrus,No Rain
4.37,45.1,1006.27,2.79,0,-5.14,Cirrus,No Rain
14.25,100,1010.76,12.63,42.84,14.28,Cumulus,No Rain
17.67,64.88,1016.67,5.66,45.73,12.67,Cumulus,Rain
9.52,26.8,1002.75,21.76,100,-7.46,Stratus,Rain
14.71,70.63,1010.62,6.22,69.37,9.63,Cumulus,No Rain
-4.11,95.17,1009.6,7.48,65.84,-4.16,Stratus,Rain
15.09,16.67,1019.56,2.97,46.16,1.19,Cumulus,No Rain
6.78,75.15,1010.29,20.32,71.87,1.73,Stratus,Rain
14.72,37.39,1018.59,8.26,35.09,3.04,Cumulus,Rain
20.86,40.51,1020.54,12.65,42.59,8.81,Cumulus,No Rain
10.0,40.22,1013.63,9.23,64.35,-1.3,Stratus,No Rain
20.47,24.11,1007.02,4.81,30.7,4.39,Nimbus,No Rain
22.05,57.53,1016.37,6.86,66.29,13.22,Cumulus,No Rain
3.66,65.5,1014.54,14.5,70.08,-2.31,Stratus,No Rain
11.6,41.95,1012.57,6.49,61.08,2.0,Stratus,No Rain
26.54,35.65,1012.81,4.76,78.19,15.96,Cumulus,No Rain
17.16,87.29,1012.94,3.97,76.9,14.37,Cumulus,Rain
14.69,91.25,1010.05,14.04,67.15,11.8,Cumulus,Rain
-0.36,71.51,1008.79,33.4,56.69,-8.64,Cumulonimbus,Rain
17.74,57.63,1009.22,20.88,100,8.96,Cumulus,No Rain
-5.79,92.62,986.75,16.01,92.99,-7.4,Nimbus,Rain
37.76,49.65,1017.21,9.37,0.02,28,Cirrus,No Rain
8.71,62.05,1008.11,14.92,63.12,3.65,Stratus,No Rain
10.42,59.43,1021.66,9.69,31.05,3.23,Cirrus,Rain
17.2,76.0,1002.45,3.22,27.83,11.97,Cirrus,Rain
23.78,68.23,1011.03,24.4,48.83,18.79,Cumulus,No Rain
21.29,57.12,1020.54,11.08,50.11,13.02,Cumulus,No Rain
23.74,67.4,995.95,24.65,68.08,18.09,Cumulus,Rain
29.0,31.92,1017.15,25.55,58.31,15.39,Cumulonimbus,No Rain
27.94,59.41,1026.73,12.91,59.97,20.03,Cumulus,No Rain
26.0,100,1005.66,6.34,41.51,25.98,Cumulus,Rain
4.25,78.56,1020.9,16.62,51.56,1.18,Nimbus,Rain
29.04,49.76,1011.16,8.02,52.83,17.92,Cumulus,No Rain
40.1,51.78,1017.19,8.01,31.94,28,Cirrus,No Rain
4.77,62.87,1016.28,16.62,32.41,-2.83,Cirrus,No Rain
22.11,39.77,999.71,8.18,73.4,9.43,Cumulus,Rain
31.16,43.67,1015.5,17.05,19.13,19.58,Cirrus,No Rain
5.08,47.71,1015.88,3.08,38.66,-5.72,Cumulus,No Rain
2.59,57.43,1021.94,12.96,31.84,-4.6,Cirrus,No Rain
2.5,75.74,1016.46,23.78,72.25,-0.7,Stratus,Rain
8.87,91.06,1007.05,9.46,100,6.44,Nimbus,Rain
34.9,23.41,1002.36,4.24,0,19.57,Clear,No Rain
34.65,78.08,1015.48,10.93,69.23,28,Cumulus,Rain
12.49,69.18,1002.9,16.13,53.19,6.24,Cumulus,No Rain
25.49,94.66,998.44,4.68,58.11,23.61,Cumulus,Rain
11.2,77.97,1013.25,10.24,31.77,8.83,Cirrus,No Rain
13.24,54.19,1009.45,5.63,30.88,3.46,Cirrus,No Rain
15.12,56.81,1024.48,15.14,100,3.93,Cumulus,No Rain
14.31,75.0,1028.96,10.82,34.92,9.22,Cirrus,No Rain
13.28,74.31,1018.68,16.72,70.37,7.49,Cumulus,Rain
31.25,64.02,1011.09,18.05,50.4,22.95,Cumulus,No Rain
25.74,55.47,1001.38,8.91,43.39,16.03,Cumulus,No Rain
20.06,56.77,1011.22,5.3,41.25,11.66,Cumulus,No Rain
23.7,74.32,1023.9,8.8,35.9,18.58,Cumulus,No Rain
31.43,65.51,1024.67,17.33,25.63,25.75,Cirrus,No Rain
23.78,64.46,1017.8,12.04,58.62,16.97,Cumulus,No Rain
12.34,95.25,1023.15,3.47,81.52,11.01,Cumulus,Rain
13.29,35.39,1000.62,4.8,66.6,1.48,Cumulus,Rain
4.78,90.66,1015.57,11.06,16.47,3.5,Cirrus,No Rain
5.17,61.95,1013.5,17.86,69.61,-2.55,Stratus,No Rain
15.66,68.25,1011.49,18.61,79.26,9.48,Cumulus,No Rain
6.27,56.23,1005.63,13.32,89.06,-1.49,Stratus,Rain
14.04,47.36,1017.43,16.5,24.66,4.87,Cirrus,No Rain
3.7,50.17,1012.31,7.47,38.17,-5.77,Cumulus,No Rain
1.2,77.63,1008.2,12.74,59.6,-2.29,Cumulus,No Rain
23.58,87.91,1017.89,15.77,35.96,21.12,Cumulus,No Rain
16.04,70.06,1013.49,14.2,85.38,8.32,Cumulus,No Rain
20.21,65.83,1006.34,9.65,77.69,13.16,Cumulus,Rain
23.17,68.4,1020.07,19.28,89.35,16.25,Cumulus,No Rain
14.28,31.38,1015.72,19.09,0.02,1.96,Clear,No Rain
19.37,43.33,1001.12,5.75,0,7.66,Clear,No Rain
17.46,41.3,1013.02,14.67,74.18,6.58,Cumulus,No Rain
9.13,64.49,1029.65,21.14,47.0,5.13,Cumulus,No Rain
12.58,38.51,1018.47,20.46,38.32,-1.99,Cumulus,No Rain
13.95,55.09,1007.29,9.72,38.68,6.69,Cumulus,No Rain
16.47,58.95,1005.37,5.33,18.87,8.46,Cirrus,No Rain
17.77,26.62,1008.53,23.78,100,3.76,Cumulus,Rain
18.8,65.01,1007.26,8.65,77.84,10.24,Cumulus,Rain
34.17,72.4,1024.88,20.05,88.83,28,Cumulus,No Rain
6.46,69.97,1005.72,17.18,1.63,2.41,Cirrus,No Rain
16.62,63.96,1011.91,22.12,93.98,10.69,Cumulus,No Rain
0.63,65.81,1001.94,15.33,77.79,-6.43,Stratus,Rain
20.15,76.4,1004.24,11.31,52.63,16.51,Cumulus,Rain
26.69,62.09,1007.51,6.14,100,19.99,Cumulus,Rain
6.28,66.55,1003.2,9.21,93.15,-0.22,Stratus,Rain
21.09,56.45,1011.19,7.45,41.96,13.37,Cumulus,No Rain
-8,52.15,1022.07,1.68,0,-15,Cirrus,No Rain
24.53,94.29,1008.9,9.27,81.01,22.99,Cumulus,Rain
32.2,45.35,1001.81,11.65,90.69,21.9,Cumulus,Rain
14.49,89.82,1029.38,13.67,93.23,13.17,Cumulus,Rain
14.25,69.3,999.89,16.6,44.75,8.1,Cumulus,No Rain
12.8,70.7,1013.4,22.89,37.07,6.55,Cumulus,No Rain
11.45,49.45,1023.9,13.59,59.44,-0.15,Cumulus,No Rain
7.77,100,1020.08,5.12,51.22,8.25,Cumulus,No Rain
7.54,83.01,1002.25,5.78,60.63,4.58,Stratus,Rain
7.19,45.45,996.09,22.94,7.19,-1.62,Cirrus,Rain
18.65,66.4,1003.85,20.46,35.17,11.24,Cumulus,No Rain
25.72,72.5,1016.79,6.69,87.76,18.34,Cumulus,No Rain
6.97,71.09,1011.25,4.93,65.12,0.11,Stratus,No Rain
18.65,87.49,1018.54,11.75,42.29,17.64,Cumulus,No Rain
14.15,84.34,1018.01,7.45,55.64,8.9,Cumulus,No Rain
24.73,81.05,1005.81,9.97,38.5,20.7,Cumulus,Rain
21.12,56.48,1005.93,12.96,49.74,11.35,Cumulus,No Rain
13.49,41.26,1008.81,21.81,63.04,3.77,Cumulus,No Rain
7.51,70.26,1004.47,17.12,74.97,2.13,Stratus,Rain
6.36,53.14,1013.67,12.44,61.3,-1.65,Stratus,No Rain
23.91,68.62,1018.34,12.15,40.48,20.86,Cumulus,No Rain
25.27,27.71,1009.98,13.82,39.81,9.87,Cumulus,No Rain
9.3,62.97,1020.05,9.86,36.42,0.52,Cumulus,No Rain
18.85,72.73,1015.69,4.4,59.31,14.15,Cumulus,No Rain
22.79,74.8,1016.79,12.4,13.57,17.93,Cirrus,Rain
23.18,90.16,1014.8,6.29,90.39,21.59,Cumulus,Rain
27.65,100,1003.64,2.32,33.92,27.14,Cirrus,Rain
11.75,100,1011.27,6.48,14.85,10.49,Cirrus,No Rain
14.21,51.78,1010.82,11.81,29.69,4.71,Cirrus,No Rain
26.81,80.06,1004.68,11.14,81.18,23.6,Nimbus,No Rain
20.25,41.87,1018.79,5.66,76.62,9.82,Cumulus,No Rain
1.04,45.95,1010.94,3.38,61.48,-7.62,Stratus,No Rain
5.46,47.54,1012.9,4.92,11.86,-5.9,Cirrus,No Rain
18.94,79.66,1006.27,6.84,64.02,13.34,Cumulus,No Rain
10.25,39.81,1008.95,6.17,79.31,-1.84,Stratus,Rain
35.68,60.17,1023.93,20.77,61.77,26.37,Cumulus,No Rain
17.82,82.11,1005.01,19.89,91.31,13.16,Nimbus,Rain
5.42,72.31,1016.73,10.76,13.89,-0.69,Cirrus,No Rain
18.9,64.55,1015.77,4.04,63.5,12.1,Cumulus,No Rain
19.2,46.69,1005.63,18.88,100,7.8,Cumulus,Rain
21.93,92.92,1014.18,3.02,33.32,19.65,Cirrus,Rain
17.35,65.03,1012.19,6.22,59.84,9.26,Cumulus,No Rain
3.38,61.36,1015.16,8.61,60.09,-3.39,Stratus,No Rain
13.76,54.67,1008.74,8.18,63.52,4.99,Cumulus,No Rain
25.36,17.63,1022.43,14.58,18.99,10.4,Cirrus,No Rain
15.55,86.51,1009.86,11.96,68.72,12.95,Cumulus,Rain
31.52,63.9,1012.88,1.75,79.2,24.31,Cumulus,No Rain
21.98,100,1020.51,12.29,72.46,21.39,Cumulus,Rain
26.93,52.39,1016.06,7.1,98.4,16.9,Cumulus,No Rain
14.45,51.73,1001.45,15.63,47.05,4.7,Cumulus,No Rain
-8,67.8,1024.86,12.6,20.98,-13.6,Cirrus,No Rain
14.32,98.79,1016.78,12.33,26.99,14.06,Cirrus,No Rain
31.78,60.45,1000.15,14.73,65.63,23.16,Cumulus,Rain
13.46,37.88,1013.97,10.1,65.68,2.84,Cumulus,No Rain
16.95,77.38,1019.12,7.58,81.91,12.32,Cumulus,Rain
24.55,95.79,1028.05,6.06,69.66,24.97,Cumulus,Rain
3.71,61.59,1013.49,14.25,31.93,-5.45,Cirrus,No Rain
26.21,37.11,1013.66,11.74,31.95,14.82,Cirrus,No Rain
22.54,66.26,1025.82,7.03,1.76,15.35,Cirrus,No Rain
13.51,54.27,1003.81,19.92,38.12,5.03,Cumulus,No Rain
26.09,96.56,1006.1,14.49,88.74,26.04,Nimbus,Rain
20.32,60.95,1018.1,16.54,2.5,13.32,Cirrus,No Rain
27.09,60.56,1012.7,19.54,60.54,20.93,Cumulus,No Rain
12.89,70.79,1013.75,30.01,82.78,7.25,Cumulonimbus,No Rain
17.59,76.58,1002.62,9.06,6.82,12.55,Cirrus,Rain
30.34,94.05,1014.11,12.28,33.39,28,Cirrus,No Rain
16.18,53.19,1002.76,16.27,32.25,5.13,Cirrus,No Rain
16.11,29.97,1008.43,11.58,53.53,3.12,Cirrus,No Rain
16.86,65.5,1029.11,12.3,23.09,9.05,Cirrus,Rain
21.17,50.56,1017.88,14.21,78.73,12.96,Cumulus,No Rain
17.23,85.88,1012.89,34.63,100,14.02,Cumulonimbus,Rain
11.25,31.53,1020.16,6.71,29.67,-3.71,Cirrus,No Rain
18.68,68.66,1021.42,6.78,65.63,12.18,Cumulus,No Rain
32.16,78.63,1019.57,9.66,85.14,23.86,Cumulus,Rain
9.62,98.73,1014.59,12.16,52.16,10.57,Cumulus,No Rain
4.08,66.72,1005.99,21.59,54.43,-2.89,Cumulus,No Rain
-7.31,57.49,1000.08,9.11,62.2,-15,Stratus,No Rain
16.08,64.41,1023.41,7.02,67.85,8.33,Cumulus,No Rain
15.54,75.8,1011.34,3.33,68.95,9.11,Cumulus,Rain
19.88,69.8,1014.93,15.76,94.22,13.8,Cumulus,No Rain
13.2,31.23,1016.1,20.86,69.48,-1.28,Cumulus,No Rain
20.21,93.36,1024.82,12.48,43.0,20.67,Cumulus,No Rain
9.58,91.55,1009.61,4.17,100,7.63,Stratus,No Rain
24.75,52.37,1006.04,27.64,58.15,17.14,Cumulonimbus,Rain
9.66,80.83,1001.87,15.6,55.55,5.46,Cumulus,Rain
14.63,70.38,1008.37,12.48,6.95,7.72,Cirrus,No Rain
15.92,50.34,1004.71,4.23,83.45,6.34,Cumulus,Rain
28.12,67.23,1009.31,14.15,31.79,22.14,Cirrus,No Rain
17.74,70.73,1018.15,43.38,65.2,13.47,Cumulonimbus,No Rain
26.29,50.08,1011.01,15.96,54.85,15.06,Cumulus,No Rain
11.74,82.25,1003.59,6.41,5.05,7.31,Cirrus,Rain
22.74,47.54,1014.61,9.17,42.8,13.28,Cumulus,No Rain
16.14,37.93,1006.88,21.31,47.49,3.65,Cumulus,No Rain
40.98,56.54,989.42,15.12,78.72,28,Cumulus,Rain
19.16,61.7,1017.35,8.45,16.47,8.93,Cirrus,Rain
10.88,58.27,1015.44,10.13,60.45,4.72,Stratus,No Rain
30.74,48.94,1009.65,6.53,5.99,19.95,Cirrus,No Rain
7.05,54.91,1024.32,14.61,100,-1.26,Stratus,No Rain
2.33,85.15,1015.92,16.8,40.34,1.43,Cumulus,No Rain
19.12,89.09,1014.55,6.06,56.65,17.32,Cumulus,No Rain
6.6,74.01,1006.33,8.7,54.41,1.74,Cumulus,Rain
20.76,58.2,1014.0,12.84,65.29,12.87,Cumulus,No Rain
14.57,54.2,1002.27,7.91,24.58,5.59,Cirrus,No Rain
10.16,55.09,1004.6,9.78,49.85,1.03,Cumulus,No Rain
-2.38,24.44,1007.8,3.43,60.58,-15,Stratus,No Rain
26.28,70.1,1013.74,45.02,90.21,18.66,Nimbus,Rain
14.55,86.24,1005.54,7.27,95.01,11.8,Nimbus,Rain
6.65,54.95,1000.82,10.3,33.8,-2.52,Cirrus,No Rain
15.64,49.98,993.19,4.11,69.74,4.26,Cumulus,Rain
1.02,54.06,1028.0,10.49,11.03,-8.27,Cirrus,No Rain
14.83,60.08,1018.59,14.22,100,9.48,Cumulus,No Rain
23.03,64.86,1010.46,17.86,24.96,19.77,Cirrus,No Rain
24.43,70.86,985,9.65,100,19.86,Cumulus,Rain
29.06,86.23,1003.26,11.09,33.31,26.77,Cirrus,Rain
26.85,86.42,1001.4,7.09,34.28,23.17,Cirrus,Rain
0.16,93.84,1004.58,16.91,60.73,-0.69,Stratus,Rain
24.92,100,1013.19,9.23,60.43,25.91,Cumulus,No Rain
16.15,43.63,1002.07,6.11,59.37,5.08,Cumulus,No Rain
8.24,48.04,1007.23,26.66,43.45,-2.6,Cumulus,Rain
13.37,72.39,1016.91,10.92,100,6.52,Cumulus,No Rain
19.78,77.94,1020.8,11.52,100,14.45,Cumulus,Rain
1.29,69.49,1001.2,24.9,2.87,-3.06,Cirrus,Rain
9.14,40.78,1015.74,11.88,58.23,-2.05,Cumulus,No Rain
13.3,84.2,1013.93,21.28,66.12,11.35,Cumulus,Rain
16.78,76.76,1007.06,18.06,100,10.45,Cumulus,Rain
20.94,76.34,1021.6,10.62,85.41,16.42,Cumulus,Rain
20.89,59.15,1006.81,18.87,91.19,12.67,Cumulus,Rain
14.09,91.95,1018.4,19.5,42.4,12.02,Cumulus,Rain
21.88,80.89,1023.01,6.31,14.64,18.1,Cirrus,No Rain
15.1,81.02,1010.4,6.68,57.28,11.28,Cumulus,Rain
7.43,65.35,1015.87,12.66,19.15,-0.22,Cirrus,No Rain
9.66,100,1012.68,8.49,63.15,8.92,Stratus,No Rain
15.06,74.11,1022.29,15.33,62.44,10.37,Cumulus,No Rain
20.26,58.7,1023.49,18.43,0,10.81,Cirrus,No Rain
33.01,72.64,1004.46,24.6,100,27.78,Cumulus,Rain
15.25,76.34,1006.47,11.02,57.47,10.92,Cumulus,Rain
14.21,63.45,1010.23,22.53,17.35,4.81,Cirrus,No Rain
25.73,32.28,999.2,15.64,50.71,10.79,Cumulus,No Rain
18.81,81.47,1013.39,12.05,68.17,15.04,Cumulus,Rain
11.88,82.8,1014.09,16.42,54.71,8.89,Cumulus,No Rain
18.47,55.22,1007.99,14.42,79.36,9.91,Cumulus,Rain
12.86,42.51,1013.19,3.09,72.43,2.46,Cumulus,No Rain
1.95,73.57,1014.44,13.27,50.83,-4.01,Stratus,No Rain
7.69,77.82,996.06,9.87,53.66,3.55,Cumulus,Rain
24.42,43.24,1003.73,28.43,79.08,12.78,Cumulonimbus,Rain
10.49,78.81,1006.62,13.37,49.56,6.48,Cumulus,Rain
1.89,63.65,1015.83,9.62,45.89,-4.65,Cumulus,No Rain
12.48,100,1025.15,13.16,57.12,12.79,Cumulus,No Rain
23.8,76.48,1026.94,21.33,69.85,21.1,Cumulus,Rain
20.14,70.02,1018.26,13.53,44.38,13.3,Cumulus,No Rain
29.13,58.36,1020.01,13.94,76.0,22.84,Cumulus,No Rain
12.33,49.12,1027.65,13.73,100,2.62,Cumulus,No Rain
25.69,75.28,1007.27,16.08,0,19.69,Cirrus,Rain
20.82,66.92,997.46,4.44,58.28,12.65,Cumulus,No Rain
16.71,56.42,1007.74,21.35,92.4,8.62,Cumulus,Rain
16.37,56.68,1015.85,12.53,79.25,8.6,Cumulus,No Rain
11.17,86.29,1003.85,18.99,53.57,7.99,Cumulus,Rain
16.81,52.56,1008.82,7.86,44.71,7.37,Cumulus,No Rain
-4.89,88.48,1005.32,18.21,44.5,-8.14,Cumulus,Rain
5.08,85.28,1019.09,9.35,32.38,2.49,Cirrus,No Rain
13.22,40.24,1015.03,16.55,32.43,1.4,Cirrus,No Rain
22.82,77.35,999.48,17.06,45.02,19.89,Cumulus,Rain
23.45,53.25,1015.32,36.3,14.39,13.57,Cirrus,No Rain
-1.58,46.73,1005.84,26.79,100,-11.25,Stratus,No Rain
-5.22,44.56,1017.03,2.92,69.5,-15,Stratus,No Rain
11.23,52.35,1014.18,6.54,4.32,0.91,Cirrus,No Rain
13.63,100,1012.86,16.66,58.04,14.94,Cumulus,No Rain
9.28,88.57,1023.0,27.97,33.26,4.38,Cirrus,Rain
3.19,82.0,1007.71,11.23,68.27,-2.36,Stratus,Rain
18.17,88.47,1007.33,12.44,0,14.38,Cirrus,Rain
0.42,58.46,1012.02,13.18,32.33,-8.58,Cirrus,No Rain
13.69,50.16,1001.41,13.7,9.08,2.03,Cirrus,Rain
-0.76,77.39,1005.58,9.86,43.74,-5.49,Cumulus,Rain
23.24,53.31,1025.23,8.17,22.79,13.16,Cirrus,No Rain
17.83,60.31,1007.85,4.39,56.39,9.87,Cumulus,No Rain
30.45,63.54,1001.13,34.67,40.46,22.18,Cumulus,Rain
18.49,77.58,1009.96,15.12,53.76,15.06,Cumulus,No Rain
5.18,47.87,1001.1,6.42,60.11,-5.59,Stratus,No Rain
27.51,72.24,1003.0,44.74,59.74,22.14,Cumulonimbus,Rain
31.58,44.03,1010.38,8.69,37.01,21.09,Cumulus,No Rain
27.07,79.14,1002.63,15.53,97.91,22.76,Cumulus,Rain
25.07,45.8,1007.51,17.54,32.36,12.42,Cirrus,No Rain
25.8,64.26,1013.04,4.15,55.24,16.85,Cumulus,No Rain
15.84,64.94,1014.11,15.78,5.76,7.41,Cirrus,No Rain
34.33,99.86,1021.33,10.29,74.7,28,Cumulus,Rain
5.0,71.71,1018.12,17.04,0,0.47,Cirrus,No Rain
10.36,35.2,1011.36,8.48,100,-5.65,Stratus,No Rain
37.25,68.32,1014.73,10.61,82.13,28,Cumulus,No Rain
25.63,78.37,1011.88,4.22,62.45,21.34,Cumulus,No Rain
16.27,70.55,1012.01,10.57,41.58,11.43,Nimbus,No Rain
8.38,66.25,1019.77,22.37,14.48,4.61,Cirrus,No Rain
18.46,22.34,1004.33,9.97,22.87,3.93,Cirrus,No Rain
-4.38,54.01,1019.77,21.35,70.04,-13.43,Stratus,No Rain
20.28,50.79,995.94,16.11,89.13,11.31,Cumulus,Rain
23.02,94.88,1004.26,4.01,37.1,21.47,Cumulus,Rain
28.4,70.49,1011.94,3.8,68.54,22.66,Cumulus,No Rain
4.91,72.79,1015.2,14.69,43.7,0.11,Cumulus,No Rain
19.14,70.33,1010.79,18.48,59.21,13.55,Cumulus,No Rain
12.7,68.33,999.59,5.12,27.03,6.62,Cirrus,No Rain
11.95,86.4,990.97,17.65,91.26,8.99,Nimbus,Rain
22.09,32.24,1005.97,5.45,41.02,6.95,Cumulus,No Rain
25.06,70.15,1010.96,4.97,18.07,17.74,Cumulonimbus,No Rain
38.52,67.07,1009.12,8.59,18.8,28,Cirrus,No Rain
8.13,62.13,1020.68,7.78,41.49,-0.96,Cumulus,No Rain
32.33,84.66,1009.36,14.14,82.67,28,Cumulus,Rain
15.92,88.72,1011.21,12.03,57.41,14.05,Cumulus,No Rain
29.01,28.39,1007.28,10.07,55.26,14.68,Cumulus,No Rain
30.47,70.2,1013.6,13.65,88.12,24.77,Cumulus,No Rain
6.85,73.95,1000.41,5.21,77.61,1.74,Stratus,Rain
27.25,88.75,1016.73,3.74,63.1,26.61,Cumulus,No Rain
12.29,68.45,1008.0,9.55,72.23,5.1,Cumulus,Rain
14.95,35.56,1018.65,7.42,82.54,3.84,Cumulus,No Rain
7.93,53.04,1013.05,13.29,83.61,-1.18,Stratus,Rain
27.97,28.47,1019.09,7.94,66.07,16.37,Cumulus,No Rain
25.51,52.59,1035,19.79,78.65,14.96,Cumulus,No Rain
22.06,84.09,1017.4,4.55,45.0,17.73,Cumulus,No Rain
20.29,100,1023.84,6.31,59.16,18.85,Cumulus,No Rain
12.9,85.08,1021.54,6.76,24.46,8.58,Nimbus,No Rain
24.35,53.83,1020.25,8.34,61.02,13.06,Cumulus,No Rain
13.78,88.9,1003.12,3.76,28.29,9.33,Cirrus,Rain
11.71,52.02,1016.63,4.12,86.94,3.06,Stratus,No Rain
42,18.11,1014.55,14.71,66.57,27.54,Cumulus,No Rain
16.52,95.02,1011.51,9.72,64.98,14.92,Cumulus,No Rain
17.23,48.72,1010.64,15.83,100,6.24,Cumulus,No Rain
25.75,51.1,1026.97,8.68,83.88,16.71,Cumulus,No Rain
22.59,82.15,1005.14,16.01,89.33,18.73,Nimbus,Rain
5.85,74.94,1011.26,10.98,64.76,0.19,Stratus,No Rain
11.65,76.85,1004.72,8.96,59.21,6.3,Cumulus,Rain
33.16,58.73,1019.14,11.86,62.66,26.59,Cumulus,No Rain
11.49,81.36,1001.59,17.24,55.62,8.1,Cumulus,Rain
17.62,77.75,1010.04,9.2,52.15,12.13,Cumulus,No Rain
26.03,82.87,1008.09,12.79,31.25,22.88,Nimbus,Rain
5.02,63.66,1007.19,23.22,100,-1.28,Stratus,Rain
14.16,94.16,1015.0,15.73,39.45,13.83,Cumulus,No Rain
2.52,59.23,1012.57,4.57,36.63,-6.96,Cumulus,No Rain
-2.29,37.86,1012.65,13.06,40.92,-15,Cumulus,No Rain
16.94,67.06,1008.14,11.65,74.88,10.88,Cumulus,Rain
36.39,53.81,1013.69,19.55,51.12,25.92,Cumulus,No Rain
22.74,78.34,1021.74,9.54,52.51,17.43,Nimbus,No Rain
13.29,43.11,1017.21,18.83,66.72,2.49,Cumulus,No Rain
34.25,74.81,1015.45,14.18,34.45,28,Cirrus,No Rain
18.11,76.42,1004.19,16.83,26.73,14.08,Cirrus,Rain
23.31,75.98,1014.97,20.33,54.63,16.29,Cumulus,No Rain
10.74,61.54,1008.21,13.08,64.41,2.46,Stratus,No Rain
21.51,57.53,1015.31,11.13,74.11,12.4,Cumulus,No Rain
23.86,31.02,1010.81,6.73,55.58,8.56,Cumulus,No Rain
14.97,49.47,1007.18,4.87,15.71,4.95,Cirrus,No Rain
16.7,46.84,1012.69,6.16,77.53,8.44,Cumulus,No Rain
7.05,61.04,999.24,5.3,40.15,1.23,Cumulus,No Rain
25.68,57.84,1019.03,24.37,16.12,16.08,Cirrus,No Rain
34.25,71.6,1014.73,5.91,100,28,Cumulus,No Rain
21.37,66.71,1008.85,21.78,67.9,14.86,Cumulus,Rain
22.22,68.66,1011.94,17.28,65.37,16.5,Cumulus,No Rain
-1.82,72.42,1018.83,4.75,100,-8.38,Stratus,No Rain
3.47,64.87,1012.53,4.95,91.34,-2.72,Stratus,No Rain
18.55,85.23,1006.25,7.31,47.98,14.49,Cumulus,Rain
23.49,61.69,1007.22,7.32,76.64,18.45,Cumulus,Rain
34.93,87.27,1022.22,18.61,79.16,28,Cumulus,Rain
11.71,54.8,1020.57,14.05,50.48,3.15,Cumulus,No Rain
13.41,35.2,1013.84,6.65,41.82,0.48,Cumulus,No Rain
22.31,70.66,1003.33,5.01,76.88,16.88,Cumulus,Rain
17.54,14.42,998.26,5.49,51.49,-0.53,Cumulus,No Rain
15.71,99.94,1007.0,12.28,32.76,14.56,Cirrus,Rain
23.85,76.83,1015.82,12.74,63.51,19.63,Cumulus,No Rain
7.49,16.86,1003.07,6.12,83.39,-8.74,Stratus,Rain
20.04,68.56,1006.82,17.1,53.12,14.85,Cumulus,No Rain
20.18,63.51,995.91,10.44,81.32,11.93,Stratus,Rain
25.0,72.63,995.65,6.35,44.37,20.63,Cumulus,No Rain
6.59,66.51,1003.26,14.26,47.27,0.77,Cumulus,No Rain
20.41,49.8,999.79,8.61,42.64,10.04,Cumulus,No Rain
4.76,47.86,1006.47,11.3,35.6,-6.01,Cumulus,No Rain
19.61,61.79,1015.12,17.99,67.85,12.45,Cumulus,Rain
12.84,47.46,1003.67,2.42,52.29,3.37,Cumulus,No Rain
19.09,83.92,1017.34,18.09,3.86,15.92,Cirrus,No Rain
10.72,100,1015.39,8.25,92.96,8.78,Stratus,Rain
10.75,59.7,1001.7,15.02,23.5,2.09,Cirrus,No Rain
32.86,82.26,1005.25,17.14,54.31,28,Cumulus,Rain
21.51,25.57,1007.14,16.03,67.79,7.93,Cumulus,Rain
24.58,59.01,1002.58,27.26,16.17,18.15,Cirrus,Rain
12.21,50.58,1013.39,20.37,71.04,1.31,Cumulus,No Rain
6.4,36.16,1011.3,6.28,77.9,-6.29,Stratus,Rain
24.62,70.02,1005.4,12.48,1.32,19.85,Cirrus,No Rain
33.63,71.43,1010.24,16.53,89.88,27.55,Cumulus,No Rain
2.52,58.42,1018.19,4.02,88.3,-6.88,Stratus,No Rain
27.26,32.49,1012.91,12.81,91.29,12.95,Cumulus,No Rain
7.82,56.3,1012.08,15.24,34.47,1.17,Cirrus,No Rain
17.2,18.21,1012.76,7.31,68.04,-1.17,Cumulus,No Rain
27.77,61.95,1008.28,13.85,55.52,21.13,Cumulus,No Rain
9.49,67.97,1007.88,20.05,92.66,5.6,Stratus,Rain
24.77,43.62,1019.57,18.45,41.29,12.13,Cumulus,No Rain
40.87,67.51,1028.07,8.91,27.46,28,Cirrus,No Rain
10.44,48.8,1014.62,24.04,60.48,-0.73,Stratus,No Rain
3.31,66.71,1018.44,11.19,43.78,-2.77,Cumulus,No Rain
21.14,36.58,1018.17,13.9,38.99,6.54,Cumulus,No Rain
5.92,74.97,1017.34,8.99,55.36,1.61,Cumulus,No Rain
22.37,58.75,1008.6,15.08,83.49,13.64,Cumulus,Rain
23.58,88.78,1008.95,4.59,75.13,20.42,Cumulus,Rain
23.43,69.28,1012.22,14.16,56.61,17.8,Cumulus,No Rain
19.72,59.87,1004.01,6.05,29.39,12.44,Stratus,No Rain
28.21,84.27,1007.76,17.48,50.87,24.31,Cumulus,Rain
15.52,87.69,1022.77,15.24,95.26,12.68,Cumulus,Rain
31.24,75.07,1017.26,8.19,77.47,25.63,Cumulus,Rain
22.8,65.69,1006.54,17.95,93.56,15.44,Cumulus,Rain
3.81,81.78,1014.6,7.7,100,0.11,Stratus,Rain
17.97,58.9,1011.74,8.93,93.92,7.58,Cumulus,No Rain
35.13,63.47,1021.45,39.05,71.53,28,Cumulonimbus,Rain
20.01,69.03,1023.25,25.7,95.84,14.69,Cumulonimbus,Rain
14.72,66.14,1005.76,9.13,18.8,11.5,Cirrus,No Rain
25.94,41.65,1012.79,6.04,46.16,15.18,Cumulus,No Rain
19.56,100,1011.45,3.29,46.79,18.22,Cumulus,No Rain
21.1,57.37,1025.4,6.68,86.26,11.62,Cumulus,No Rain
17.61,18.8,1001.3,13.39,45.31,1.61,Cumulus,No Rain
19.57,62.02,1006.94,10.64,16.57,14.15,Cirrus,No Rain
12.83,79.26,1001.73,11.82,52.49,8.61,Cumulus,Rain
25.6,59.62,1010.49,7.26,9.72,16.87,Cirrus,No Rain
11.76,83.71,1009.67,10.73,100,7.98,Stratus,Rain
26.14,94.7,1009.09,16.84,100,23.81,Cumulus,Rain
18.55,60.78,1008.11,17.21,22.63,10.6,Cirrus,No Rain
9.29,56.9,1012.6,15.63,3.93,0.36,Cirrus,No Rain
19.16,69.91,1024.02,6.17,31.55,12.08,Cirrus,No Rain
26.56,52.45,1014.49,33.42,66.77,16.06,Clear,Rain
16.91,41.17,1011.19,11.0,45.49,2.99,Cumulus,No Rain
18.19,61.4,1011.47,22.42,23.84,11.67,Cirrus,No Rain
20.62,59.55,998.71,11.74,20.99,14.78,Cirrus,No Rain
40.52,91.79,1011.3,11.41,96.82,28,Cumulus,Rain
18.9,40.77,1018.58,20.27,38.3,9.14,Cumulus,No Rain
31.14,58.12,1013.15,5.76,43.71,23.5,Cumulus,Rain
5.29,53.88,1012.53,7.83,76.89,-5.1,Stratus,No Rain
23.63,81.8,1024.84,20.02,95.36,19.75,Cumulus,Rain
18.17,54.54,1026.45,10.59,98.4,10.48,Cumulus,No Rain
6.17,65.71,1008.47,3.15,0,-2.61,Cirrus,No Rain
16.79,74.79,1007.71,14.61,50.47,13.47,Cumulus,No Rain
8.69,44.91,1003.88,6.3,64.56,-3.59,Stratus,No Rain
19.86,47.06,995.43,27.32,0,9.76,Cirrus,No Rain
-0.57,88.76,1007.65,12.2,33.35,-2.39,Cirrus,Rain
23.22,52.73,1012.53,6.2,73.09,11.0,Cumulus,No Rain
-8,38.45,1008.07,17.6,71.88,-15,Stratus,Rain
9.77,75.82,1015.77,14.25,100,4.85,Stratus,Rain
0.06,50.07,1021.85,15.36,9.65,-7.17,Cirrus,No Rain
24.78,66.96,990.32,22.16,63.17,17.74,Cumulus,Rain
20.25,73.69,1014.1,19.57,80.49,15.09,Cumulus,No Rain
7.46,40.76,1023.18,5.5,100,-4.78,Cumulonimbus,No Rain
14.2,64.73,1002.67,10.0,88.73,8.31,Cumulus,Rain
30.27,71.6,1004.17,10.93,84.88,22.89,Cumulus,No Rain
18.78,67.24,1018.64,4.6,0,12.94,Cirrus,No Rain
17.39,49.68,1002.32,16.14,36.89,6.1,Cumulus,No Rain
13.19,41.96,1007.59,8.52,98.47,3.22,Cumulus,Rain
11.3,31.12,1008.12,16.77,92.17,-3.83,Stratus,Rain
17.21,70.2,1005.49,20.08,93.8,12.23,Cumulus,Rain
17.63,31.66,1010.2,23.03,57.63,6.03,Cumulus,No Rain
20.43,69.5,1004.16,9.89,83.16,13.97,Cumulus,Rain
14.22,10.38,1018.62,23.59,0.61,-4.72,Clear,No Rain
11.1,54.51,1008.98,19.01,100,1.68,Stratus,Rain
7.37,32.66,1004.64,10.02,42.45,-8.28,Cumulus,No Rain
25.83,50.34,1004.75,13.39,63.92,14.7,Cumulus,No Rain
16.93,45.91,1015.99,5.95,51.44,5.5,Cumulus,No Rain
22.59,74.34,998.93,10.92,62.73,17.15,Cumulus,No Rain
16.88,81.98,1011.62,12.49,78.43,14.52,Cumulus,Rain
21.57,100,1007.92,9.78,56.01,20.21,Cumulus,Rain
23.81,69.44,1003.09,19.22,57.49,16.28,Cumulus,No Rain
0.86,77.62,1005.47,17.18,99.72,-3.49,Stratus,Rain
26.98,90.15,1003.68,16.58,45.31,23.5,Cumulus,Rain
13.71,61.15,1007.13,15.76,48.33,7.41,Cumulus,No Rain
21.81,73.07,1009.56,2.34,56.3,18.31,Cumulus,No Rain
22.31,39.4,1010.02,11.48,59.92,10.85,Cumulus,No Rain
11.93,74.85,1014.84,5.94,75.27,7.45,Stratus,No Rain
11.99,53.31,1014.74,10.56,56.65,1.75,Cumulus,No Rain
22.15,74.75,1015.71,20.64,8.26,17.19,Cirrus,No Rain
27.34,73.32,1004.32,10.9,72.76,22.72,Cumulus,Rain
13.33,65.59,1022.17,22.36,45.23,6.72,Cumulus,No Rain
26.52,61.13,1025.9,13.66,50.49,19.87,Cumulonimbus,No Rain
12.79,43.88,1003.99,6.42,74.73,1.11,Cumulus,Rain
35.3,64.82,1015.56,8.55,100,27.82,Cumulus,No Rain
17.27,80.57,1000.75,7.25,73.67,11.03,Cumulus,Rain
32.0,61.0,1010.3,9.28,95.83,25.24,Cumulus,No Rain
15.95,89.2,1006.86,6.54,44.3,12.48,Cumulus,Rain
27.34,44.7,995.6,24.3,40.78,18.57,Cumulus,Rain
34.85,36.04,1021.99,24.01,74.08,22.88,Cumulus,No Rain
17.35,31.32,1006.69,6.89,15.12,2.07,Cirrus,No Rain
6.41,70.36,1011.55,12.64,52.37,0.4,Cumulus,No Rain
23.56,75.35,1007.11,6.93,54.96,17.87,Cumulus,Rain
7.2,64.74,1007.82,39.91,88.17,-1.17,Stratus,Rain
41.56,72.66,1007.16,17.73,20.26,28,Cirrus,No Rain
18.12,75.73,1006.39,26.5,79.42,14.27,Cumulonimbus,Rain
31.85,73.62,1029.14,13.54,73.23,25.73,Cumulus,No Rain
23.11,79.28,1011.65,18.04,71.08,18.57,Cumulus,Rain
16.49,61.63,1010.39,23.07,57.56,9.3,Cumulus,No Rain
12.29,83.4,999.1,13.24,88.99,9.68,Nimbus,Rain
13.61,68.41,1029.61,10.32,45.05,6.56,Cumulus,No Rain
3.26,90.86,1015.71,11.37,63.61,1.57,Stratus,No Rain
11.14,51.17,1021.28,15.92,17.95,0.14,Cirrus,No Rain
20.12,47.5,1002.25,2.69,43.6,9.32,Nimbus,No Rain
19.45,52.28,1001.79,8.09,37.29,9.7,Cumulus,No Rain
8.36,81.05,1014.57,11.45,55.66,3.54,Cumulus,No Rain
22.65,78.74,1007.77,1.62,77.41,18.21,Cumulus,Rain
15.22,78.22,1005.5,6.96,96.22,9.72,Cumulus,Rain
9.33,11.71,1006.19,14.67,40.27,-9.26,Cumulus,No Rain
11.75,66.43,1009.72,7.48,40.27,4.42,Cumulus,No Rain
10.76,93.62,1013.41,5.32,72.17,10.03,Stratus,No Rain
29.23,78.05,1012.99,6.55,50.04,23.76,Cumulus,No Rain
35.16,70.18,1013.4,17.62,51.93,28,Cumulus,No Rain
13.75,67.25,1026.54,17.06,100,6.61,Cumulus,No Rain
22.61,69.46,1024.65,6.89,32.14,15.36,Cirrus,No Rain
26.65,91.51,1015.17,6.84,61.14,23.92,Cumulus,No Rain
30.26,37.01,1028.34,7.22,43.49,15.92,Cumulus,No Rain
20.43,65.24,1000.49,13.0,30.94,13.72,Cirrus,No Rain
15.75,42.17,1011.07,3.13,83.16,4.88,Cumulus,No Rain
35.17,84.92,1005.3,13.97,81.23,28,Nimbus,Rain
5.76,71.04,1003.97,10.92,69.08,-0.52,Stratus,Rain
26.06,53.47,1006.03,4.54,14.91,16.62,Cirrus,No Rain
20.82,69.46,1017.19,6.99,59.46,14.0,Cumulus,No Rain
33.65,45.61,985,20.07,78.59,22.82,Cumulus,Rain
10.44,76.6,1001.77,12.2,35.32,5.81,Cumulus,Rain
12.89,64.88,1002.93,13.15,57.15,3.95,Cumulus,No Rain
15.76,76.9,1013.56,7.23,12.02,10.05,Cirrus,No Rain
14.87,67.61,1011.61,23.92,39.39,9.45,Cumulus,No Rain
20.0,40.56,1011.2,22.37,60.39,9.8,Cumulus,No Rain
36.28,43.17,1005.4,28.67,62.91,26.06,Cumulonimbus,Rain
27.07,81.38,995.81,4.81,72.81,23.05,Cumulus,Rain
17.25,67.94,1014.8,7.67,63.72,11.01,Cumulus,No Rain
23.89,49.12,1014.14,13.63,66.32,16.43,Cumulus,No Rain
27.39,70.85,1020.18,18.8,2.32,19.84,Cirrus,No Rain
15.12,50.27,1016.43,4.03,55.73,5.7,Cumulus,No Rain
7.72,39.61,1014.59,19.96,77.66,-5.26,Stratus,No Rain
14.36,91.34,1013.83,7.96,38.84,12.49,Cumulus,No Rain
8.1,46.83,1008.66,16.04,92.48,-3.47,Stratus,Rain
-8,67.56,987.23,4.38,25.12,-14.38,Cirrus,No Rain
10.05,42.74,1011.66,4.29,54.95,-2.58,Cumulus,No Rain
16.95,66.78,1025.42,9.38,96.23,9.85,Cumulus,No Rain
18.32,75.46,1010.64,24.61,57.56,13.62,Cumulus,No Rain
9.25,60.7,1024.0,17.61,77.27,0.86,Nimbus,No Rain
22.89,59.15,1012.89,16.24,33.52,13.22,Cirrus,No Rain
6.59,74.31,1019.43,7.08,63.21,2.13,Clear,No Rain
14.74,58.2,1016.46,17.33,91.93,4.93,Cumulus,No Rain
22.65,82.98,1017.55,14.25,70.61,19.64,Cumulus,Rain
28.84,69.24,1019.32,6.54,43.76,23.77,Cumulus,No Rain
23.19,38.41,1009.97,7.4,62.67,8.08,Cumulus,No Rain
3.04,100,1011.07,6.5,0,1.05,Cirrus,No Rain
31.64,59.68,1006.4,27.14,89.6,22.74,Cumulonimbus,Rain
28.61,55.77,1007.5,14.9,59.23,21.41,Cumulus,No Rain
16.85,31.44,1009.95,10.27,48.27,3.61,Nimbus,No Rain
22.96,95.91,1007.62,9.41,25.66,20.55,Cirrus,Rain
13.56,51.77,1027.33,9.46,63.05,1.38,Cumulus,No Rain
13.21,52.77,1000.22,15.46,41.83,4.93,Cumulonimbus,No Rain
22.52,91.54,1015.41,4.77,69.7,22.18,Cumulus,Rain
-0.2,62.3,1005.17,19.29,64.45,-6.93,Stratus,No Rain
13.28,53.01,1012.64,6.43,43.78,1.93,Cumulus,No Rain
17.51,66.08,1010.46,10.4,58.51,8.03,Cumulus,No Rain
16.99,49.74,1003.43,10.28,61.97,7.52,Cumulus,No Rain
20.13,66.19,1013.19,12.82,0,13.52,Cirrus,No Rain
10.71,81.59,1005.26,10.92,26.1,8.07,Cirrus,Rain
13.8,50.86,1014.39,35.22,22.63,3.89,Cirrus,No Rain
6.01,27.87,1011.46,3.05,34.22,-9.64,Cirrus,No Rain
8.09,63.43,1020.8,17.74,0,-0.99,Cirrus,Rain
19.7,36.49,1018.98,14.87,40.94,6.23,Cumulus,No Rain
17.32,64.69,1018.79,10.42,6.35,11.56,Cirrus,No Rain
7.78,38.85,1009.52,20.48,67.88,-5.27,Stratus,No Rain
22.62,72.61,1012.03,18.29,29.31,15.53,Cirrus,No Rain
16.3,52.26,1020.08,11.75,100,6.91,Cumulus,No Rain
20.89,62.47,1029.22,10.92,14.98,11.68,Cirrus,No Rain
12.79,76.19,1006.19,12.32,86.11,8.37,Cumulus,No Rain
19.89,13.5,1000.26,4.9,93.02,2.67,Cumulus,Rain
27.28,55.63,1007.59,10.19,80.34,20.62,Cumulus,Rain
17.94,60.04,1013.9,9.92,80.01,10.73,Cumulus,No Rain
21.75,57.92,999.07,8.52,21.27,13.79,Cirrus,No Rain
10.08,44.6,1013.28,6.82,100,-1.58,Cumulus,No Rain
32.42,58.8,1009.45,12.46,36.64,24.48,Cumulus,No Rain
9.99,36.02,1013.75,18.41,26.31,-1.72,Cirrus,No Rain
29.24,40.4,1011.58,12.75,48.04,19.31,Cumulus,No Rain
-8,100,999.93,12.41,55.71,-7.27,Cumulus,Rain
40.47,100,1030.09,9.37,66.76,28,Cumulus,Rain
32.08,50.84,1001.6,12.62,45.09,22.99,Cumulus,No Rain
25.58,72.25,1023.14,19.43,30.31,20.71,Cirrus,No Rain
-4.86,64.05,1018.62,5.24,39.87,-12.48,Cumulus,No Rain
23.43,77.45,1002.46,9.09,86.28,19.36,Cumulus,Rain
26.29,78.71,994.18,5.57,43.81,21.73,Cumulonimbus,Rain
21.05,49.64,1014.34,6.01,96.46,10.94,Cumulus,Rain
0.5,54.92,1020.55,18.01,76.06,-9.8,Stratus,No Rain
11.95,100,1025.6,6.12,73.44,13.57,Stratus,Rain
0.85,95.64,1005.57,27.64,39.38,2.08,Cumulus,Rain
26.9,67.7,1003.99,9.78,69.85,22.18,Cumulus,Rain
24.32,57.38,1002.39,4.91,69.39,13.47,Cumulus,Rain
13.63,92.5,1004.36,12.42,40.91,12.67,Cumulus,Rain
33.74,39.47,1024.0,5.02,72.14,20.73,Cumulus,No Rain
19.51,70.93,1006.42,13.14,80.0,13.07,Cumulus,Rain
20.06,79.76,1017.46,8.94,76.67,17.77,Cumulus,Rain
16.14,57.39,997.61,10.41,66.7,7.44,Cumulus,Rain
18.46,37.42,998.42,7.52,86.9,5.84,Cumulus,Rain
10.61,54.15,1024.46,8.86,54.99,0.57,Cumulus,No Rain
30.67,39.27,1018.96,10.63,62.18,17.09,Cumulus,No Rain
1.86,56.04,1004.25,7.19,16.8,-5.16,Cirrus,Rain
30.04,48.57,1014.26,3.23,48.11,19.33,Cumulus,No Rain
22.0,70.23,1005.74,6.5,100,15.56,Stratus,Rain
12.3,58.34,1021.52,5.86,31.29,6.4,Cirrus,No Rain
4.3,62.97,1010.74,3.14,47.77,-2.59,Cumulus,No Rain
13.08,51.49,1008.48,19.6,34.3,3.09,Cirrus,No Rain
-2.84,78.12,1003.54,5.93,0,-7.87,Cirrus,Rain
12.82,59.29,1001.95,16.64,81.73,6.58,Cumulus,Rain
1.19,100,1012.1,13.51,77.22,0.29,Stratus,Rain
22.45,66.97,1007.57,23.12,100,17.77,Cumulus,Rain
18.94,54.95,995.89,14.94,45.54,10.85,Cumulus,No Rain
22.71,63.8,1015.62,3.54,55.21,14.71,Cumulus,No Rain
20.75,40.41,1017.99,15.03,35.81,8.1,Cumulus,No Rain
4.89,50.62,1009.4,10.18,42.3,-6.11,Cumulus,No Rain
11.85,82.86,1007.47,13.26,100,9.19,Nimbus,Rain
15.01,53.24,1024.9,26.58,73.38,6.07,Cumulonimbus,No Rain
24.37,73.32,1025.14,1.82,33.21,17.8,Cirrus,No Rain
-0.74,53.08,1000.96,13.54,73.12,-10.05,Stratus,No Rain
8.09,76.23,997.56,17.07,100,6.22,Stratus,No Rain
17.89,53.48,1013.54,10.12,49.53,8.89,Cumulus,No Rain
26.03,61.57,1005.49,27.07,7.3,18.0,Cirrus,No Rain
28.01,51.41,1006.13,37.29,87.6,17.93,Cumulonimbus,Rain
31.64,40.71,1012.81,11.95,56.08,20.65,Cumulus,No Rain
23.21,86.2,1012.47,7.0,78.14,19.71,Cumulus,No Rain
18.83,49.94,1004.38,10.08,59.96,7.89,Cumulus,No Rain
16.38,54.81,1013.63,30.62,72.61,7.97,Cumulonimbus,No Rain
16.89,69.42,1002.21,50.08,0,11.79,Cirrus,No Rain
25.08,88.22,1021.58,22.09,48.08,20.77,Cumulus,Rain
33.41,55.68,1017.16,2.03,73.31,26.68,Cumulus,No Rain
23.44,87.85,1012.46,8.57,19.98,21.73,Cirrus,No Rain
17.14,74.7,1010.94,17.24,98.35,10.01,Cumulus,No Rain
20.57,55.09,1008.67,27.46,63.43,12.08,Cumulonimbus,No Rain
19.8,75.51,1017.31,13.36,57.07,15.74,Cumulus,No Rain
17.21,59.16,1013.15,5.21,96.35,8.37,Cumulus,No Rain
18.12,65.6,1008.24,8.62,34.14,10.24,Cirrus,No Rain
12.07,60.09,1015.36,17.33,56.9,3.46,Cumulus,No Rain
17.47,38.36,1007.33,8.45,42.37,5.62,Cumulus,No Rain
20.22,100,1017.36,30.68,65.68,21.44,Cumulonimbus,Rain
12.41,53.48,998.64,13.56,62.65,3.97,Cumulus,No Rain
24.74,67.27,996.55,14.21,28.71,19.46,Cirrus,No Rain
7.1,67.62,1025.53,6.41,40.42,1.6,Cumulus,No Rain
16.49,77.8,1011.11,24.2,22.09,11.76,Cirrus,No Rain
6.45,63.5,1003.56,14.5,79.35,1.9,Stratus,Rain
19.15,62.15,1005.91,8.32,60.64,13.04,Cumulus,No Rain
24.78,59.25,1022.91,3.65,97.22,17.46,Cumulus,No Rain
17.59,29.01,996.14,9.34,71.35,2.77,Cumulus,Rain
10.72,100,1011.19,9.91,52.12,10.55,Nimbus,No Rain
24.8,71.14,998.29,5.12,24.92,20.21,Cirrus,No Rain
2.26,53.42,1013.16,14.75,76.78,-7.05,Stratus,No Rain
12.77,35.75,1024.67,4.82,77.14,2.11,Cumulus,No Rain
16.33,36.36,1016.73,6.62,57.2,3.25,Cumulus,No Rain
15.86,100,1000.53,4.98,47.6,13.7,Cumulus,Rain
34.7,69.86,1012.97,3.39,14.87,28,Cirrus,Rain
20.5,100,1007.78,5.12,31.85,22.1,Cirrus,Rain
8.99,56.66,1015.73,6.16,76.49,-0.27,Stratus,No Rain
6.18,78.4,1016.04,13.06,93.81,3.92,Cumulonimbus,Rain
13.53,78.1,1022.71,17.94,34.91,10.28,Cirrus,No Rain
11.93,80.67,1010.24,4.38,14.26,10.16,Cirrus,Rain
23.54,82.21,1009.43,11.24,70.26,19.34,Cumulus,Rain
6.37,61.89,1021.33,10.16,96.81,-2.44,Stratus,No Rain
33.46,60.23,1014.74,11.67,67.61,27.69,Cumulus,No Rain
15.55,63.37,1007.58,9.31,57.87,7.11,Cumulus,No Rain
30.04,60.39,1009.15,43.18,43.44,20.99,Cumulus,No Rain
25.61,50.91,1010.69,4.57,7.22,15.44,Cirrus,No Rain
25.28,74.88,1016.51,10.04,100,20.64,Cumulus,No Rain
21.24,85.3,1000.73,5.85,73.1,16.99,Cumulus,Rain
19.57,78.83,1011.92,18.27,41.02,15.14,Cumulus,No Rain
4.19,85.76,1018.53,12.3,63.61,1.91,Stratus,No Rain
34.92,67.95,1000.21,12.15,78.89,25.63,Cumulus,Rain
14.23,37.99,1015.97,3.92,41.28,1.38,Cumulus,No Rain
-1.43,87.47,999.9,8.13,67.5,-4.23,Stratus,Rain
24.07,81.32,1016.25,10.76,14.41,21.73,Cirrus,No Rain
30.23,79.32,1000.48,10.85,60.76,27.18,Cumulus,Rain
20.92,80.04,1016.63,22.0,56.1,17.64,Cumulus,Rain
37.69,68.02,1014.05,4.6,72.38,28,Cumulus,Rain
25.35,79.32,1015.8,9.15,45.9,21.71,Cumulus,No Rain
26.48,50.67,998.18,2.58,54.34,14.22,Cirrus,No Rain
20.62,24.5,1015.82,4.81,93.0,4.07,Cumulus,No Rain
30.29,100,999.15,16.75,50.38,28,Cumulus,Rain
31.25,78.12,1005.32,31.57,40.42,27.41,Cumulus,Rain
25.28,87.99,997.54,5.92,55.79,19.86,Cumulus,Rain
11.08,79.41,1015.87,8.53,69.9,7.36,Stratus,Rain
11.18,67.57,1020.29,5.87,26.6,4.38,Cirrus,No Rain
16.93,92.8,998.03,5.63,93.73,13.04,Nimbus,Rain
10.98,64.42,1020.6,15.82,25.11,3.81,Cirrus,Rain
11.27,75.0,1006.71,6.23,79.89,6.79,Stratus,Rain
5.39,71.1,1019.24,4.62,36.62,1.96,Cumulus,No Rain
7.91,56.71,1018.15,18.52,53.61,-0.42,Cumulus,No Rain
12.97,51.45,1022.64,10.37,62.42,2.44,Cumulus,No Rain
25.3,98.36,997.43,17.83,47.3,24.59,Cumulus,Rain
13.75,95.12,1018.74,17.35,30.29,13.03,Cirrus,No Rain
14.53,65.24,1007.2,9.79,12.72,7.86,Cirrus,No Rain
9.54,89.32,1011.13,22.24,57.54,8.98,Cumulus,Rain
24.28,100,1010.38,20.2,48.51,24.9,Cumulus,No Rain
20.91,57.6,1020.03,13.26,49.64,10.27,Cumulus,No Rain
23.2,73.89,1011.31,7.4,24.14,18.7,Cirrus,No Rain
5.16,100,1022.33,2.08,48.51,7.71,Cumulus,No Rain
19.95,55.94,1001.01,11.86,34.03,12.34,Cirrus,No Rain
22.24,73.13,1007.51,15.1,62.6,15.16,Cumulus,No Rain
29.77,59.23,1022.89,37.77,100,21.56,Cumulonimbus,Rain
11.1,51.26,998.65,11.62,56.06,2.32,Cumulus,No Rain
19.52,46.2,1014.2,6.96,100,10.97,Cumulus,No Rain
24.01,36.8,1011.95,10.27,51.55,10.85,Cumulus,No Rain
36.11,70.79,1004.05,7.82,50.74,28,Cumulus,No Rain
24.78,31.17,1006.15,49.79,40.14,11.18,Cumulus,No Rain
42,82.03,999.33,14.65,4.5,28,Cirrus,Rain
8.4,62.68,1023.66,12.89,84.47,1.43,Stratus,No Rain
1.08,18.92,1005.64,7.12,18.58,-14.49,Cirrus,Rain
12.66,21.57,1018.91,20.18,68.06,-4.65,Cumulus,No Rain
21.65,78.45,1007.98,13.61,64.22,15.27,Cumulus,Rain
14.71,100,1004.06,14.69,26.33,13.15,Cirrus,Rain
21.08,71.96,1009.83,12.67,69.69,14.45,Cumulus,Rain
38.38,87.56,1022.82,10.28,74.7,28,Cumulus,No Rain
9.08,76.22,1021.33,15.42,100,3.75,Stratus,Rain
12.94,61.62,1011.05,6.91,0,6.68,Cirrus,No Rain
19.55,75.5,1015.69,9.39,45.75,11.84,Cumulus,No Rain
25.98,59.64,1005.67,20.31,47.57,16.69,Cumulus,No Rain
17.28,48.9,996.57,8.54,13.69,6.03,Cirrus,No Rain
27.97,58.37,1018.23,20.4,35.26,18.47,Cumulus,No Rain
9.41,45.12,1020.06,4.04,87.76,-1.26,Stratus,No Rain
24.0,39.49,1019.28,2.87,49.33,10.97,Cumulus,No Rain
32.29,54.35,1005.57,9.42,71.8,20.7,Cumulus,Rain
9.16,50.39,1017.15,15.46,68.62,-0.46,Stratus,No Rain
15.26,65.68,1005.01,9.26,65.7,7.07,Cumulus,Rain
21.92,73.62,1008.35,14.61,79.36,15.18,Cumulus,Rain
4.09,56.77,1027.0,10.8,61.88,-4.72,Stratus,No Rain
31.4,85.27,1010.93,20.71,32.88,27.48,Cirrus,No Rain
15.29,57.73,1003.69,26.88,74.59,7.64,Cumulonimbus,No Rain
19.24,65.86,1017.58,17.97,70.17,12.79,Cumulus,No Rain
23.14,100,998.15,40.07,52.01,25.24,Cumulonimbus,Rain
25.17,73.12,1000.88,8.34,21.67,20.66,Cirrus,No Rain
25.62,65.8,995.27,11.68,18.78,18.5,Cirrus,No Rain
11.63,94.15,1012.95,8.82,76.66,8.19,Stratus,Rain
11.43,67.21,1015.1,5.08,26.11,4.08,Cirrus,No Rain
14.25,85.36,1017.38,10.06,82.33,12.29,Cumulus,Rain
10.03,62.92,1016.72,9.02,45.58,2.07,Cumulus,No Rain
19.13,100,1012.74,17.09,61.22,18.86,Cumulus,No Rain
38.49,78.81,1019.67,12.98,53.2,28,Cumulus,No Rain
11.36,72.8,1003.2,13.47,76.58,4.26,Stratus,Rain
23.52,66.26,1014.6,3.1,66.83,16.99,Cumulus,No Rain
16.09,45.51,1022.47,7.16,82.08,4.62,Cumulus,No Rain
24.07,84.63,1017.28,18.45,34.23,23.45,Cirrus,No Rain
23.25,70.45,1015.58,1.97,45.89,16.96,Cumulus,No Rain
22.86,48.14,997.86,15.08,26.91,11.8,Cirrus,No Rain
22.89,41.5,1027.17,13.37,51.8,11.51,Cumulus,No Rain
21.18,33.85,1015.82,12.51,81.02,8.05,Cumulus,No Rain
20.72,26.03,1020.8,5.27,33.27,5.9,Cirrus,No Rain
16.18,59.04,1008.28,12.75,50.75,4.76,Cumulus,No Rain
25.74,100,998.64,29.82,0,26.8,Cirrus,Rain
12.18,62.1,1024.01,11.09,52.05,4.93,Cumulus,No Rain
10.7,51.17,991.83,22.78,75.5,2.32,Stratus,Rain
15.98,95.6,1028.9,15.91,47.36,16.04,Cumulus,Rain
25.1,69.15,1009.79,9.0,49.89,18.91,Cumulus,No Rain
17.73,56.79,1027.49,17.2,61.67,9.51,Cumulus,No Rain
21.92,90.06,1016.92,12.22,64.56,20.58,Cumulus,No Rain
6.14,77.7,1015.6,8.93,16.15,0.97,Cirrus,No Rain
15.56,52.81,1018.69,8.91,81.8,4.58,Cumulus,No Rain
12.85,80.24,1005.97,5.83,29.67,11.48,Cirrus,Rain
9.55,74.17,1010.4,14.17,58.55,2.62,Cumulus,No Rain
25.2,66.11,1021.58,5.59,33.62,18.03,Cirrus,No Rain
17.19,66.25,1017.76,11.95,1.59,12.57,Cirrus,No Rain
23.71,78.56,1015.81,12.4,97.67,20.16,Cumulus,Rain
23.76,69.43,1020.11,12.7,91.19,16.59,Cumulus,No Rain
2.28,67.27,1011.94,12.47,55.18,-4.26,Cumulus,No Rain
22.99,72.73,997.08,11.62,63.7,18.42,Cumulus,No Rain
24.35,78.71,1003.56,24.7,79.6,18.81,Cumulus,Rain
24.62,98.89,1009.31,20.15,40.68,23.42,Cumulus,No Rain
19.11,35.34,1012.52,10.58,77.72,6.96,Cumulus,Rain
6.82,71.87,1018.78,16.55,56.65,0.93,Cumulus,No Rain
16.18,33.6,1014.57,8.47,20.48,4.74,Cirrus,No Rain
15.57,45.84,1022.79,9.84,70.72,3.72,Cumulus,No Rain
30.08,66.34,1005.22,10.63,38.34,22.42,Cumulus,No Rain
-0.31,43.94,1013.55,5.64,21.25,-10.45,Cirrus,No Rain
15.69,100,1016.36,6.25,100,17.42,Cumulus,Rain
34.25,60.74,1011.36,31.82,34.55,26.02,Cirrus,No Rain
19.58,69.45,1009.45,21.19,89.25,11.18,Cumulus,No Rain
-1.4,100,1007.22,8.02,46.64,-1.58,Cumulus,Rain
23.88,69.71,1007.12,14.76,45.76,17.11,Cumulus,No Rain
12.15,80.82,1009.04,6.77,51.88,9.77,Cumulus,No Rain
11.15,44.52,1008.12,9.85,40.77,-0.18,Cumulus,No Rain
15.54,70.38,1024.32,8.86,78.06,9.82,Cumulus,No Rain
30.12,100,1005.41,8.0,100,28,Nimbus,Rain
2.31,47.14,1020.57,10.74,41.3,-8.45,Cumulus,No Rain
13.87,64.6,1013.97,9.59,30.87,8.55,Cirrus,No Rain
15.93,19.81,1003.5,7.71,5.85,2.36,Clear,No Rain
11.74,100,1016.97,15.59,0,10.82,Cirrus,Rain
28.45,70.28,1007.02,8.95,30.89,22.75,Cirrus,No Rain
17.67,74.3,1002.84,27.99,52.31,11.01,Cumulonimbus,No Rain
14.79,45.04,1008.1,11.5,61.76,4.94,Cumulus,No Rain
17.06,78.58,1014.07,14.93,54.07,10.26,Cumulus,No Rain
19.56,64.8,1009.24,4.39,4.68,12.67,Cirrus,No Rain
20.44,65.6,1018.65,15.41,63.04,13.89,Cumulus,No Rain
3.34,66.04,1000.94,7.43,100,-1.51,Stratus,Rain
12.36,49.44,1010.94,18.35,100,3.11,Cumulus,No Rain
16.87,78.26,1026.22,7.62,100,12.8,Cumulus,Rain
26.42,95.67,1010.29,16.7,79.79,26.49,Cumulus,Rain
10.74,100,1026.62,10.44,75.15,9.78,Stratus,Rain
24.56,51.78,1003.67,21.17,94.63,13.84,Cumulus,Rain
16.82,98.36,1012.39,19.46,61.45,17.88,Cumulus,No Rain
6.25,73.96,1002.5,46.5,35.01,4.62,Cumulus,Rain
15.04,31.4,1010.71,12.1,100,1.51,Cumulus,No Rain
37.59,53.8,1035,21.6,47.91,28,Cumulus,No Rain
17.96,94.1,1012.17,9.01,50.63,17.98,Cumulus,Rain
3.03,70.48,1012.12,9.97,28.1,-3.3,Cirrus,No Rain
27.09,49.74,1020.25,8.12,46.27,16.96,Cumulus,No Rain
28.5,85.17,1003.54,7.66,68.36,26.84,Cumulus,Rain
11.89,60.26,1035,26.55,29.01,3.59,Cirrus,No Rain
17.32,55.21,1011.83,4.41,7.43,7.39,Cirrus,No Rain
11.43,72.27,1022.8,10.0,60.91,6.81,Stratus,No Rain
12.76,83.8,1013.49,8.72,43.85,9.21,Cumulus,No Rain
14.84,32.83,1014.64,14.78,11.74,2.6,Clear,No Rain
30.35,100,1005.58,14.33,23.88,28,Cirrus,Rain
29.63,40.26,1002.82,13.26,29.39,18.22,Cirrus,No Rain
29.08,81.7,991.0,7.63,97.39,25.1,Nimbus,Rain
14.9,69.37,1009.04,10.04,50.86,9.04,Cumulus,No Rain
33.69,100,1010.48,7.89,35.97,28,Cumulus,No Rain
15.55,73.41,1004.04,6.03,73.06,10.81,Cumulus,Rain
13.95,75.4,1019.22,21.3,42.31,9.13,Cumulus,No Rain
23.38,66.81,1020.63,13.46,69.91,16.19,Cumulus,No Rain
20.2,60.12,1018.98,24.92,44.63,11.86,Cumulus,No Rain
37.35,41.62,1021.56,20.11,33.96,25.76,Cirrus,No Rain
4.05,33.67,1004.09,13.01,92.5,-9.14,Stratus,Rain
15.6,76.27,1010.89,21.69,32.67,10.47,Cirrus,No Rain
18.12,19.18,1011.05,8.62,58.18,-1.01,Nimbus,No Rain
16.86,43.93,1009.09,9.15,100,6.15,Cumulus,No Rain
24.4,87.98,1028.55,8.15,70.97,22.53,Cumulus,Rain
7.84,57.32,1017.27,3.25,88.01,-1.46,Stratus,No Rain
16.6,53.89,1016.76,11.64,0,8.15,Cirrus,No Rain
31.76,93.69,1008.59,5.79,55.51,28,Cumulus,Rain
-2.64,66.35,1015.1,6.2,11.27,-8.81,Cirrus,No Rain
10.78,25.95,1015.57,18.63,58.07,-3.47,Cumulus,No Rain
28.71,91.68,1008.47,7.9,68.71,26.43,Cumulus,Rain
12.23,66.25,1007.75,16.24,55.31,3.57,Cumulus,No Rain
16.52,37.56,1012.64,17.99,41.08,3.39,Cumulus,No Rain
35.7,53.39,1020.8,17.29,6.92,25.27,Cirrus,No Rain
9.14,74.96,1032.15,32.46,28.32,4.77,Cirrus,No Rain
28.07,100,1008.06,10.71,33.1,28,Cirrus,Rain
6.38,63.14,1010.21,8.31,72.02,-1.99,Stratus,No Rain
13.79,46.66,1015.05,8.17,27.54,2.29,Cirrus,Rain
18.58,51.61,1013.83,29.64,57.5,8.33,Cumulonimbus,No Rain
25.72,83.08,1013.57,10.35,53.22,21.77,Cumulus,No Rain
25.27,78.1,1013.67,13.61,69.78,19.87,Cumulus,Rain
22.6,81.43,1003.31,26.6,73.39,17.49,Cumulonimbus,No Rain
16.24,64.09,1013.73,16.14,100,9.47,Cumulus,No Rain
4.51,86.57,1023.37,4.38,16.0,1.26,Nimbus,No Rain
4.0,55.92,1009.19,19.89,68.1,-3.28,Stratus,No Rain
16.05,64.66,1011.19,8.24,73.63,8.0,Cumulus,No Rain
19.33,43.68,1008.56,12.73,30.45,9.15,Cirrus,No Rain
26.95,61.88,1012.86,14.28,81.74,18.24,Cumulus,No Rain
32.24,84.44,1025.99,12.58,79.46,28,Cumulus,Rain
12.02,59.09,1012.67,9.1,33.79,4.45,Cirrus,No Rain
24.43,95.61,1012.43,20.78,31.73,23.26,Cirrus,No Rain
15.24,41.76,1027.84,4.51,0,3.22,Clear,No Rain
9.7,64.86,1007.18,11.49,83.54,2.98,Stratus,Rain
3.08,67.67,1004.27,8.83,46.76,-4.12,Cumulus,No Rain
37.55,50.55,1006.9,16.71,36.26,27.54,Cumulus,No Rain
11.2,63.15,993.74,13.35,70.18,5.08,Stratus,Rain
18.58,82.11,1011.0,6.81,30.6,14.75,Cirrus,No Rain
22.64,80.46,1006.66,16.06,47.72,18.39,Cumulus,Rain
34.49,55.39,1022.52,10.81,15.26,25.12,Cirrus,No Rain
17.12,48.91,1011.7,23.05,67.97,7.01,Cumulus,No Rain
9.98,58.82,1026.31,29.15,38.25,1.87,Cumulus,No Rain
31.63,84.58,1014.91,13.06,68.37,28,Cumulus,Rain
11.11,46.91,1009.13,10.47,42.13,1.84,Cumulus,No Rain
30.29,23.26,1026.27,18.87,37.19,13.64,Cumulus,No Rain
14.13,45.01,1008.96,9.77,34.15,4.13,Cirrus,No Rain
20.6,89.96,1030.94,10.42,54.13,18.59,Cumulus,No Rain
16.68,82.23,1012.24,4.83,53.51,15.83,Cumulus,Rain
16.4,87.55,1023.87,8.03,66.76,16.1,Cumulus,Rain
14.98,93.28,1011.8,12.59,87.98,12.22,Cumulus,No Rain
36.77,72.64,1019.46,11.13,92.51,28,Cumulus,No Rain
22.42,10,1005.74,6.94,100,4.66,Cumulus,Rain
13.05,22.95,995.57,13.17,20.08,-4.23,Cirrus,No Rain
27.81,75.72,1003.59,11.61,65.53,24.3,Cumulus,Rain
18.38,63.63,1010.89,9.65,80.73,10.59,Cumulus,No Rain
7.02,92.25,1018.97,6.77,100,5.04,Stratus,Rain
15.39,70.84,1011.03,25.91,34.2,10.19,Cirrus,No Rain
14.6,94.55,1016.12,6.63,46.98,14.3,Cumulus,No Rain
21.33,80.0,1009.97,12.58,34.23,16.33,Cirrus,No Rain
28.49,67.69,1010.09,25.7,36.29,21.83,Cumulus,No Rain
24.0,31.9,1015.28,12.88,96.89,10.52,Cumulus,No Rain
14.23,60.05,1012.41,5.33,60.98,6.84,Cumulus,No Rain
9.37,83.5,1024.16,16.08,64.19,7.32,Stratus,No Rain
18.47,100,1022.41,9.0,57.29,18.7,Cumulus,No Rain
9.46,55.18,999.77,8.03,86.37,-0.45,Stratus,Rain
29.54,89.37,1002.55,11.16,82.16,27.07,Stratus,Rain
14.21,90.61,1008.85,5.85,22.71,12.43,Cirrus,Rain
15.09,76.62,1017.72,10.67,44.83,9.74,Cumulus,No Rain
25.1,100,1000.17,6.15,72.44,25.12,Cumulus,Rain
17.12,45.95,1009.53,7.28,32.73,7.25,Cirrus,No Rain
12.01,76.37,1019.42,9.38,43.81,6.17,Cumulus,No Rain
1.73,47.98,1021.77,7.71,53.42,-8.67,Cumulus,No Rain
23.76,71.75,1009.59,8.92,55.0,17.54,Cumulus,No Rain
21.77,54.64,1003.83,8.18,67.09,13.79,Cumulus,Rain
20.87,47.7,1010.73,10.84,14.34,10.75,Cirrus,No Rain
22.0,94.05,1012.85,17.37,82.75,21.24,Cumulus,Rain
24.91,24.07,998.06,18.9,54.37,10.3,Cumulus,No Rain
17.23,67.44,995.86,8.12,12.28,9.11,Cirrus,No Rain
35.54,74.97,1009.52,15.22,57.22,28,Cumulus,Rain
24.07,63.2,1018.63,11.08,52.77,17.02,Cumulus,No Rain
9.13,61.08,1016.48,5.56,85.9,-1.18,Stratus,No Rain
18.78,31.8,999.96,33.53,70.57,3.74,Cumulus,Rain
32.92,100,1001.28,10.4,10.9,28,Cirrus,Rain
27.79,100,1014.75,8.1,94.53,26.26,Cumulus,Rain
20.51,79.52,1008.85,23.18,86.78,14.41,Cumulus,Rain
20.58,67.85,1005.66,17.41,90.56,13.18,Cumulus,Rain
27.25,67.43,1016.32,15.21,71.07,20.38,Cumulus,No Rain
23.79,40.31,1003.68,15.5,21.91,12.62,Cirrus,No Rain
10.29,58.5,1005.7,6.1,100,0.51,Stratus,Rain
18.07,40.9,1018.74,14.48,0,6.54,Clear,No Rain
10.47,61.85,1012.05,12.1,24.31,1.39,Cirrus,No Rain
11.59,68.13,998.71,8.6,82.1,5.14,Stratus,Rain
22.38,61.75,1007.63,5.22,66.75,16.09,Cumulus,Rain
6.47,47.28,1009.69,7.38,46.33,-2.05,Cumulus,No Rain
13.07,38.88,1005.8,13.54,30.02,-0.81,Cirrus,No Rain
26.59,87.44,1025.56,25.31,31.4,22.56,Cirrus,Rain
9.85,75.25,1012.73,7.5,61.3,4.4,Stratus,No Rain
17.92,92.16,1013.57,6.4,27.36,13.65,Stratus,No Rain
11.54,44.12,1022.2,6.3,13.71,0.89,Clear,No Rain
14.04,57.65,1017.98,11.97,0,3.38,Cirrus,No Rain
13.63,64.99,1006.3,11.99,39.73,6.94,Cumulus,No Rain
18.1,100,1011.55,4.22,52.2,20.0,Cumulus,No Rain
11.3,45.27,1021.06,19.47,59.76,-1.44,Cumulus,No Rain
27.97,60.02,1002.63,16.7,66.19,20.45,Cumulus,Rain
18.1,55.26,1016.02,9.62,80.23,9.38,Cumulus,No Rain
12.07,100,1019.69,12.62,53.53,13.07,Cumulus,No Rain
14.36,40.37,1000.77,6.03,28.5,2.65,Cirrus,No Rain
26.52,76.04,1010.4,16.21,33.25,22.1,Cirrus,No Rain
22.53,78.24,1003.5,2.78,81.5,17.66,Cumulus,Rain
29.27,63.1,985.35,10.86,67.33,22.86,Cumulus,Rain
14.57,82.81,1018.11,6.45,30.85,12.29,Clear,No Rain
35.12,59.81,1017.31,8.49,64.91,25.4,Cumulus,No Rain
34.71,42.31,1020.29,22.24,9.29,23.28,Clear,No Rain
24.0,79.54,1016.16,4.13,10.05,19.48,Cirrus,No Rain
28.93,73.91,1012.08,20.05,76.54,23.18,Cumulus,No Rain
12.52,91.54,1014.74,14.0,74.42,12.93,Cumulus,Rain
14.84,64.0,1013.49,14.74,91.8,5.61,Cumulus,No Rain
14.39,68.29,1015.76,4.56,36.2,7.83,Cumulus,No Rain
2.42,45.48,1024.76,21.92,92.66,-7.91,Stratus,Rain
6.33,65.78,1001.15,12.64,21.39,-0.58,Cirrus,No Rain
22.58,53.79,1010.38,9.05,90.49,16.2,Cumulus,No Rain
14.9,87.26,1010.55,6.33,33.28,12.78,Cirrus,No Rain
10.75,46.05,1017.71,21.16,99.35,-1.09,Stratus,No Rain
17.91,56.51,1022.43,14.48,81.49,10.92,Cumulus,No Rain
13.95,57.54,1033.72,16.82,33.8,5.63,Cirrus,No Rain
10.99,75.53,1006.66,5.96,26.87,7.68,Cirrus,Rain
10.66,77.89,1012.62,23.58,26.59,6.27,Cirrus,No Rain
16.23,61.53,1005.46,10.25,61.32,7.5,Cumulus,No Rain
20.32,88.08,1014.36,7.85,44.56,16.04,Cumulus,No Rain
19.83,93.14,1015.35,17.98,32.37,18.54,Cirrus,No Rain
28.33,82.0,1010.75,5.74,81.53,23.8,Cumulus,Rain
31.88,74.87,1017.46,7.05,56.09,28,Cumulus,No Rain
10.67,61.78,1025.63,4.15,61.59,2.78,Stratus,No Rain
10.42,25.82,1017.55,6.75,30.56,-4.16,Cirrus,No Rain
17.5,98.17,1015.99,10.96,57.04,16.76,Cumulus,No Rain
18.24,61.4,1011.89,11.48,4.92,10.46,Cirrus,No Rain
6.62,52.15,1010.99,13.52,19.03,-2.66,Cirrus,No Rain
14.83,98.36,1011.41,21.38,49.85,15.8,Cumulus,No Rain
15.95,58.69,1007.64,13.43,34.56,8.23,Stratus,No Rain
9.34,50.82,1006.42,1.65,87.24,1.42,Stratus,Rain
5.16,59.12,1016.56,37.82,100,-3.36,Stratus,Rain
6.48,61.69,1015.44,13.56,69.17,-1.03,Stratus,No Rain
32.2,31.62,1009.07,6.34,39.25,18.82,Cumulus,Rain
38.11,99.55,998.63,5.5,100,28,Nimbus,Rain
27.21,71.54,1016.36,14.98,100,22.92,Cumulus,No Rain
15.95,72.14,1016.69,9.96,38.43,10.79,Cumulus,No Rain
7.37,68.29,1013.36,10.37,53.29,1.56,Cumulus,No Rain
17.01,100,1019.71,16.77,42.75,15.35,Cumulus,No Rain
41.11,70.13,1009.82,3.45,0,28,Cirrus,No Rain
19.1,59.46,1012.43,15.14,53.51,10.0,Cumulus,No Rain
13.13,71.02,1007.45,23.85,53.13,5.52,Cumulus,Rain
33.36,70.79,1019.8,10.24,50.15,27.32,Clear,No Rain
35.83,73.65,1014.11,10.31,50.54,28,Cirrus,No Rain
17.17,74.74,1011.71,12.28,76.49,10.95,Cumulus,No Rain
12.93,51.91,995.04,5.61,66.52,2.21,Cumulus,Rain
27.28,64.69,996.36,6.98,100,22.3,Cumulus,Rain
25.58,76.41,1014.86,7.54,46.39,20.28,Cumulus,No Rain
11.23,38.96,1010.69,30.62,74.84,-0.05,Stratus,No Rain
20.18,62.89,1018.55,3.54,39.63,13.03,Cirrus,No Rain
22.55,53.53,1021.36,12.45,19.37,11.66,Cirrus,No Rain
20.75,92.19,1008.16,8.51,51.01,20.15,Cumulus,Rain
14.24,73.1,1003.34,13.93,42.37,7.91,Cumulus,No Rain
9.44,86.46,1016.05,7.56,51.8,7.89,Cumulus,No Rain
25.32,57.49,1020.02,28.68,1.67,18.53,Cirrus,No Rain
21.42,53.04,1024.94,9.88,59.77,13.4,Cumulus,No Rain
32.55,55.59,1016.4,10.26,75.08,25.14,Cumulus,No Rain
18.04,53.51,1022.26,8.83,41.35,11.24,Cumulus,No Rain
14.67,65.49,1011.92,8.0,31.06,10.28,Cirrus,No Rain
26.62,72.47,1021.21,21.25,95.89,21.96,Cumulus,No Rain
15.96,54.85,1015.32,20.06,72.53,7.99,Cumulus,No Rain
22.49,65.68,1010.6,16.05,67.08,15.08,Cumulus,No Rain
11.59,57.67,1012.86,9.65,82.37,3.03,Stratus,No Rain
6.33,70.54,1020.74,22.9,24.88,0.52,Cirrus,No Rain
22.14,49.58,1007.57,28.94,92.3,9.42,Cumulonimbus,Rain
22.83,52.85,1010.96,8.01,32.8,11.4,Cirrus,No Rain
26.28,94.15,1020.6,7.84,20.16,24.15,Cirrus,No Rain
15.03,40.21,1016.05,13.22,31.81,1.86,Cirrus,No Rain
26.21,90.1,1009.02,5.37,28.19,25.61,Cirrus,No Rain
6.33,85.45,1003.91,27.21,95.39,0.6,Nimbus,Rain
14.95,70.14,1000.28,2.68,100,9.42,Cumulus,Rain
22.66,34.38,1015.58,24.46,37.63,10.43,Cumulus,Rain
16.88,10,1018.37,8.22,67.13,0.87,Cumulus,No Rain
11.22,75.76,1018.17,15.7,5.47,6.82,Cirrus,No Rain
12.46,59.99,1000.75,9.12,65.73,5.54,Cumulus,Rain
8.37,94.22,1022.64,5.24,26.41,8.78,Cirrus,No Rain
10.43,45.43,1010.08,18.27,86.85,0.39,Stratus,No Rain
16.8,96.62,1004.13,14.45,49.23,17.42,Stratus,Rain
17.97,69.62,1011.91,7.51,66.06,14.29,Cumulus,No Rain
22.61,78.29,1027.4,12.44,42.8,14.24,Cumulus,No Rain
6.82,44.93,1011.06,14.59,38.46,-3.58,Cumulus,No Rain
21.05,44.86,999.98,7.7,100,11.66,Cumulus,Rain
24.44,54.51,998.38,14.68,100,13.61,Cumulus,Rain
31.32,87.9,1013.03,18.51,80.66,28,Cumulus,Rain
12.22,44.2,1014.12,15.0,60.92,1.05,Cumulus,No Rain
26.13,51.15,1011.21,9.89,45.22,16.21,Cumulus,Rain
24.77,47.65,1007.11,10.68,39.11,16.02,Cumulus,No Rain
21.21,42.27,1000.62,28.23,81.3,11.57,Cumulonimbus,Rain
22.93,71.54,1013.25,11.02,81.67,20.39,Cumulus,No Rain
19.13,60.8,1023.65,9.47,35.44,9.76,Cumulus,No Rain
25.96,48.34,1018.16,9.09,35.67,16.02,Cumulus,No Rain
20.56,82.72,1010.01,11.78,45.78,16.98,Cumulus,No Rain
36.49,61.32,1008.73,0.83,79.83,28,Cumulus,Rain
10.06,56.96,1016.46,16.29,62.27,-1.74,Stratus,No Rain
12.61,75.92,1018.4,6.61,82.3,6.1,Cumulus,Rain
6.18,74.43,1027.38,40.1,31.82,2.49,Cirrus,No Rain
26.55,75.61,1015.07,6.17,38.91,22.8,Cumulus,No Rain
22.59,18.07,1010.56,7.91,46.01,7.56,Cumulus,Rain
15.42,100,1020.18,12.38,29.77,13.73,Cirrus,No Rain
29.04,80.78,1020.76,18.52,36.05,25.27,Cumulus,No Rain
5.09,66.41,1005.36,15.99,31.71,-0.65,Cirrus,No Rain
9.11,66.98,997.95,8.66,55.74,4.64,Cumulus,No Rain
23.76,90.86,1003.67,14.48,51.58,22.28,Cumulus,Rain
11.33,84.94,1017.43,11.41,16.97,9.15,Cirrus,Rain
9.29,69.89,1020.62,6.78,36.06,4.98,Cumulus,No Rain
15.92,61.03,999.37,5.35,95.75,9.58,Cumulus,Rain
10.53,73.8,1019.13,7.58,41.69,5.7,Cumulus,No Rain
16.95,100,1006.67,1.79,15.08,15.3,Cirrus,Rain
30.07,64.94,1013.16,18.04,67.4,23.53,Cumulus,No Rain
12.7,62.22,1010.76,19.02,0,4.93,Cirrus,No Rain
25.22,66.38,1004.0,4.64,65.3,19.88,Cumulonimbus,Rain
20.28,100,1017.43,15.67,98.51,21.29,Stratus,Rain
27.48,70.14,1017.1,9.22,79.26,21.16,Cumulus,No Rain
14.46,75.82,1007.08,6.13,33.05,10.33,Cirrus,Rain
20.23,27.45,1018.07,4.19,19.85,5.45,Cirrus,No Rain
30.82,75.6,1003.65,15.76,73.56,26.99,Cumulus,Rain
14.45,67.01,1019.8,14.27,56.66,7.25,Cumulus,No Rain
14.75,61.95,1001.56,8.57,5.46,5.25,Cirrus,No Rain
22.65,31.53,1031.66,11.84,74.85,10.17,Cumulus,No Rain
14.37,55.61,1035,2.45,33.58,6.32,Cirrus,No Rain
25.85,67.92,1020.03,26.14,82.35,18.99,Cumulonimbus,Rain
9.62,71.85,1007.35,10.73,73.81,4.22,Stratus,Rain
24.05,85.57,1003.63,15.77,9.59,20.56,Cirrus,Rain
19.13,75.75,1021.02,8.89,80.67,14.54,Cumulus,Rain
5.57,53.93,1010.51,10.45,67.84,-2.47,Stratus,No Rain
14.42,51.14,1011.74,6.19,18.97,4.8,Cirrus,No Rain
12.14,72.15,1008.88,19.87,32.97,4.69,Cirrus,Rain
19.92,59.99,1016.17,6.08,35.6,12.53,Cumulus,No Rain
10.8,75.72,1003.99,18.57,83.9,6.87,Stratus,Rain
8.44,77.53,1008.54,14.01,43.88,5.77,Cumulus,Rain
16.56,59.2,1008.14,11.64,73.06,9.28,Cumulus,Rain
31.63,68.82,1019.66,14.84,0,27.9,Cirrus,No Rain
3.25,100,996.36,5.75,42.5,3.67,Cumulus,Rain
6.79,20.43,1006.58,15.32,94.86,-6.61,Stratus,Rain
19.9,72.76,1007.8,8.53,83.05,13.75,Cumulus,Rain
18.54,82.07,1003.91,3.28,64.41,15.04,Cumulus,Rain
8.06,100,1028.2,15.92,82.21,8.2,Stratus,Rain
31.09,71.69,1009.63,23.44,31.08,25.69,Cirrus,No Rain
9.01,60.11,1002.05,12.56,100,-0.36,Stratus,Rain
13.52,86.67,1023.04,4.33,88.43,12.07,Cumulus,Rain
31.33,68.28,1012.08,23.69,42.93,24.51,Cumulus,No Rain
0.26,74.92,1012.85,5.47,42.1,-4.14,Cumulus,No Rain
32.16,66.67,1011.79,22.73,65.83,25.64,Cumulus,Rain
12.1,66.99,1022.88,6.78,52.11,4.42,Cumulus,No Rain
1.89,77.43,1012.2,7.01,0,-3.46,Cirrus,No Rain
23.15,70.9,1001.22,6.32,100,15.97,Cumulus,Rain
11.31,31.6,1018.65,19.87,13.62,-4.98,Clear,No Rain
20.98,67.85,1004.75,15.8,92.75,16.33,Cumulus,No Rain
25.37,64.69,1008.56,14.92,27.71,19.69,Cirrus,No Rain
16.66,100,999.45,12.38,69.03,16.74,Cumulus,Rain
10.22,59.96,1010.77,9.86,0,2.86,Cirrus,No Rain
-0.77,74.71,1007.77,20.56,59.59,-5.18,Cumulus,No Rain
18.76,51.38,1006.04,2.05,45.92,8.4,Cumulus,No Rain
25.42,76.19,1016.27,2.48,75.54,19.67,Cumulus,Rain
39.17,33.04,1013.08,11.39,94.63,28,Cumulus,No Rain
25.26,72.21,1005.46,7.71,58.38,20.12,Cumulus,No Rain
9.19,55.89,1017.86,15.76,27.07,-0.5,Cirrus,No Rain
16.22,55.3,1003.69,2.27,42.34,7.35,Cumulus,No Rain
39.64,88.2,1005.48,8.53,66.78,28,Cumulus,Rain
20.31,39.45,1022.66,15.5,31.78,8.21,Cirrus,No Rain
29.59,79.42,1006.63,6.03,24.32,25.22,Cirrus,Rain
17.53,57.63,1007.97,21.53,66.73,7.7,Cumulus,Rain
29.79,83.77,1012.14,15.82,69.74,23.6,Cumulus,Rain
22.47,56.05,1013.92,8.81,38.22,14.77,Cumulus,No Rain
10.74,42.9,1020.73,7.13,94.58,-0.37,Stratus,No Rain
22.57,10,1004.59,6.21,64.03,3.47,Cumulus,No Rain
37.46,52.16,1007.94,14.88,64.14,27.94,Cumulus,No Rain
28.69,94.36,1010.71,11.42,59.5,28,Cumulus,No Rain
29.15,49.92,1024.02,3.24,47.46,17.27,Cumulus,No Rain
20.67,72.15,1018.55,4.78,92.89,14.79,Cumulus,No Rain
20.9,59.19,1013.68,11.07,42.96,11.31,Cumulus,No Rain
26.26,93.54,1015.9,3.81,40.22,26.67,Cumulus,No Rain
19.96,97.54,1015.53,45.43,70.93,20.27,Cumulonimbus,Rain
9.47,79.55,1011.57,19.01,60.92,6.11,Cirrus,No Rain
20.49,96.08,1012.56,14.75,68.48,19.28,Cumulus,Rain
30.8,48.22,1010.0,13.04,90.0,20.94,Cumulus,No Rain
29.75,64.35,1016.02,8.62,22.63,21.56,Cirrus,No Rain
19.05,70.35,1016.44,14.46,11.55,14.01,Cirrus,No Rain
6.31,60.71,1014.05,15.98,70.96,-2.16,Stratus,No Rain
19.19,77.36,1007.26,19.22,83.47,13.51,Cumulus,Rain
20.34,38.25,1013.34,22.94,65.41,7.81,Cumulus,Rain
20.83,66.25,1018.39,19.58,56.58,15.02,Cumulus,No Rain
22.95,64.01,1004.28,8.52,52.8,16.05,Cumulus,No Rain
-2.12,77.41,1029.65,5.44,48.49,-4.61,Cumulus,No Rain
13.3,69.46,1015.48,19.42,87.62,5.98,Cumulus,Rain
15.0,62.2,1010.01,10.7,36.78,8.68,Cumulus,No Rain
20.22,100,1013.42,16.92,86.42,18.89,Cumulus,Rain
16.54,94.66,1017.03,18.05,50.86,15.84,Cumulus,No Rain
17.93,35.95,1007.49,22.75,53.92,4.13,Cumulus,No Rain
22.85,42.35,999.95,19.48,98.12,10.59,Cumulus,Rain
29.61,25.22,1028.5,17.45,42.1,13.55,Cumulus,No Rain
17.9,75.88,1022.26,11.76,36.63,12.01,Cumulus,No Rain
0.88,76.13,1011.51,9.65,53.21,-6.23,Cumulus,No Rain
22.41,28.99,1000.15,30.26,86.61,6.81,Cumulonimbus,Rain
15.03,19.61,1006.04,20.06,62.62,-2.4,Cumulus,No Rain
3.2,98.6,997.36,7.41,47.5,1.24,Cumulus,Rain
26.21,28.67,1016.36,0.52,41.63,11.93,Cumulus,No Rain
24.37,60.41,999.58,13.76,84.09,16.56,Clear,Rain
16.2,79.16,1001.33,4.12,100,13.99,Cumulus,No Rain
11.25,54.45,1007.19,15.78,71.86,1.08,Stratus,Rain
8.93,46.39,1012.0,8.08,68.86,-3.71,Stratus,No Rain
2.16,43.54,1023.54,4.65,41.63,-8.38,Cumulus,No Rain
21.69,81.24,1016.36,9.57,30.73,18.14,Cirrus,No Rain
6.17,73.33,1022.04,15.06,78.87,2.23,Stratus,No Rain
19.89,61.0,1022.2,23.33,51.56,11.18,Cumulus,No Rain
22.54,84.47,1013.38,15.27,48.65,18.21,Cumulus,No Rain
-3.83,65.12,1019.92,20.28,67.11,-9.76,Stratus,No Rain
25.91,45.2,999.36,23.78,56.85,15.49,Cumulus,Rain
21.6,61.54,1010.92,12.72,15.23,14.71,Cirrus,No Rain
8.97,59.38,1020.38,18.51,61.27,2.95,Stratus,No Rain
27.62,50.08,1011.73,6.8,36.12,16.36,Cumulus,No Rain
30.93,59.68,1008.55,3.25,48.14,22.25,Cumulus,No Rain
32.17,61.88,1011.92,13.35,31.63,24.35,Cirrus,No Rain
18.41,87.87,1014.68,12.33,95.28,16.7,Cumulus,Rain
28.09,91.77,1017.11,21.05,65.85,26.41,Cumulus,Rain
7.2,79.5,1025.87,10.87,34.93,4.12,Cirrus,No Rain
20.11,62.15,1004.35,11.74,64.66,15.12,Cumulus,No Rain
8.82,63.78,1019.88,7.82,26.33,1.1,Cirrus,No Rain
18.06,36.09,1007.28,21.91,76.86,5.52,Cumulus,Rain
26.2,63.47,1017.63,36.47,22.3,17.53,Cirrus,No Rain
19.96,43.32,1006.53,17.78,58.4,7.98,Cumulus,No Rain
28.97,61.18,1009.85,16.07,48.26,22.34,Cumulus,No Rain
9.44,58.35,1017.29,6.88,64.04,2.12,Stratus,No Rain
7.05,47.84,1016.16,22.46,90.73,-3.67,Stratus,Rain
12.59,52.21,1010.23,12.0,88.23,4.32,Cumulus,No Rain
7.6,48.62,1003.28,23.86,100,-4.16,Stratus,Rain
27.0,56.67,1017.15,4.26,29.71,19.4,Cirrus,No Rain
20.62,50.81,993.32,13.97,57.03,9.53,Cumulus,No Rain
17.34,48.92,1005.31,5.16,49.06,7.74,Cumulus,No Rain
20.6,64.79,1015.45,13.6,60.71,15.19,Cumulus,Rain
26.41,61.25,1009.62,5.24,50.65,17.69,Cumulus,No Rain
6.05,44.76,1018.72,7.73,43.55,-6.75,Cumulus,No Rain
10.31,46.44,1018.69,14.48,100,-0.76,Stratus,No Rain
12.43,73.26,998.97,1.08,17.47,4.89,Cirrus,No Rain
25.08,69.33,1027.41,10.92,89.33,20.98,Cumulus,No Rain
33.16,69.91,1015.33,11.47,95.23,27.01,Cumulus,No Rain
19.54,52.32,1013.93,5.95,77.06,8.45,Cumulus,No Rain
19.68,83.29,1010.08,29.89,98.85,15.74,Cumulonimbus,Rain
7.32,64.03,1010.36,14.49,84.73,0.3,Stratus,No Rain
10.31,72.1,1009.89,8.16,100,5.04,Stratus,No Rain
29.72,66.82,1014.05,10.4,60.89,24.95,Cumulus,No Rain
11.54,60.05,1005.94,6.05,51.6,1.32,Cumulus,No Rain
25.14,68.72,1014.58,29.21,11.05,17.96,Cirrus,No Rain
17.58,48.53,1003.75,4.4,60.46,7.04,Cumulus,No Rain
33.62,46.88,1009.47,6.64,74.04,24.95,Cumulus,No Rain
15.69,100,995.02,10.63,54.66,13.41,Cumulus,Rain
21.37,41.52,1022.36,12.0,44.05,7.83,Cumulus,No Rain
42,79.97,1016.33,13.45,72.37,28,Cumulus,Rain
6.63,36.76,1014.4,13.24,7.81,-7.09,Clear,No Rain
23.02,60.33,1014.61,5.33,43.67,14.33,Cumulonimbus,No Rain
23.11,86.28,1012.86,16.35,87.79,18.77,Cumulus,Rain
15.84,79.18,1017.71,11.52,57.06,10.36,Cumulus,No Rain
20.11,59.39,1013.31,3.71,24.16,13.13,Cirrus,No Rain
11.4,83.97,993.54,28.86,64.36,7.72,Stratus,Rain
22.72,76.22,1011.78,18.86,74.44,18.09,Cumulus,No Rain
4.77,85.42,1001.19,8.61,64.64,1.24,Stratus,Rain
17.51,65.46,1009.84,22.03,45.44,10.42,Cumulus,No Rain
8.47,85.41,1000.09,8.29,71.54,6.01,Stratus,Rain
15.97,81.41,1013.77,14.43,62.37,11.64,Cumulus,No Rain
18.26,64.66,1026.48,8.26,77.4,12.43,Cumulus,No Rain
22.08,56.84,1012.13,11.94,0,11.21,Cirrus,No Rain
17.42,90.54,1023.26,9.45,22.04,13.77,Cirrus,No Rain
15.77,50.11,998.79,21.97,66.85,4.62,Cumulus,Rain
10.45,100,1014.59,15.02,54.5,10.34,Cumulus,No Rain
34.76,74.7,1031.63,12.04,83.5,28,Cumulus,No Rain
10.94,73.71,1016.16,12.39,63.14,6.64,Stratus,No Rain
21.16,69.6,1007.75,12.22,67.98,14.85,Cumulus,Rain
-4.66,67.58,1005.07,15.53,39.94,-10.56,Cumulus,No Rain
24.74,96.03,1019.04,1.65,42.69,23.97,Cumulus,No Rain
1.31,15.29,1017.0,5.72,55.23,-15,Cumulus,No Rain
28.17,59.83,1011.0,3.22,93.55,20.01,Cumulus,No Rain
22.32,82.45,1015.81,15.06,54.45,16.57,Cumulus,No Rain
15.23,52.81,1008.16,16.5,86.48,6.72,Cumulus,No Rain
25.97,41.31,1007.05,9.97,6.98,13.72,Clear,No Rain
31.55,70.39,1035,9.06,55.93,26.31,Cumulus,No Rain
14.16,59.76,1018.81,6.05,74.14,6.35,Cumulus,No Rain
4.38,55.6,1013.62,16.53,19.71,-5.01,Cirrus,No Rain
15.67,65.88,1014.89,6.79,70.2,8.19,Cumulus,No Rain
10.4,76.94,1017.28,9.16,15.3,5.03,Cirrus,No Rain
9.02,76.66,1016.52,15.35,53.84,5.96,Cumulus,No Rain
10.09,43.64,1002.72,23.26,87.15,-1.16,Stratus,Rain
19.96,82.45,1004.91,12.91,16.59,19.38,Cirrus,Rain
-0.3,20.11,1019.78,23.26,48.2,-15,Cumulus,No Rain
25.78,69.97,1002.62,22.75,76.62,21.76,Cumulus,Rain
3.66,67.08,1018.91,14.99,42.36,-1.27,Cirrus,No Rain
10.08,55.39,1017.77,7.46,55.54,1.17,Clear,No Rain
18.6,59.57,1026.52,13.87,0,10.48,Cirrus,No Rain
13.78,90.41,1034.76,7.3,81.55,11.73,Cumulus,Rain
22.34,48.43,1009.34,13.84,50.47,11.58,Cumulus,No Rain
22.71,66.37,1011.98,16.95,33.36,13.73,Cirrus,No Rain
27.9,100,1022.67,9.06,44.93,27.76,Cumulus,No Rain
18.44,63.7,1012.91,22.9,100,11.76,Cumulus,No Rain
17.04,68.49,998.16,12.06,43.86,9.9,Cumulus,No Rain
12.61,80.79,1019.17,19.44,100,6.47,Cumulus,Rain
1.69,74.58,1018.24,13.3,84.57,0.07,Stratus,No Rain
13.2,81.76,1012.16,13.08,41.92,9.74,Cumulus,No Rain
23.68,64.89,1009.02,16.93,6.97,16.73,Cirrus,No Rain
18.83,70.56,1011.34,9.91,55.71,14.53,Cumulus,No Rain
12.75,100,1008.98,4.61,25.22,11.89,Cirrus,Rain
-8,67.37,1010.9,15.95,29.73,-13.99,Cirrus,No Rain
11.24,54.33,1027.24,3.76,69.81,1.96,Stratus,No Rain
22.69,79.95,1009.32,13.5,60.78,18.32,Cumulus,No Rain
25.09,55.41,996.32,4.86,25.54,18.35,Cirrus,No Rain
20.03,51.21,1009.45,13.96,100,11.66,Cumulus,No Rain
5.28,58.86,1005.75,14.01,92.02,-4.17,Cumulonimbus,Rain
10.61,93.48,1014.32,23.86,64.45,9.86,Stratus,No Rain
21.29,65.27,1019.21,6.76,51.0,13.81,Cumulus,No Rain
17.38,54.68,1010.87,17.79,3.11,6.79,Cirrus,No Rain
25.44,60.15,996.76,12.64,20.11,18.18,Cirrus,No Rain
16.71,75.44,1020.13,14.66,50.26,9.92,Cumulus,No Rain
5.38,64.15,1011.74,5.31,54.13,-3.63,Cumulus,No Rain
-2.6,39.76,1012.1,7.63,99.12,-14.21,Stratus,No Rain
19.0,63.38,1015.86,5.22,33.11,12.25,Cirrus,No Rain
15.24,56.78,997.06,10.34,100,6.32,Cumulus,Rain
31.11,55.1,1015.31,17.22,56.47,23.52,Cumulus,Rain
28.04,65.43,1027.54,3.9,77.09,20.83,Cumulus,No Rain
27.02,61.14,1020.29,2.04,18.43,18.95,Cirrus,No Rain
4.95,74.56,1010.54,10.57,86.46,0.34,Cirrus,No Rain
37.19,21.08,1027.57,14.0,68.58,22.15,Cumulus,No Rain
32.57,88.16,1005.14,10.82,52.51,28,Cumulus,Rain
16.86,66.8,1032.11,39.32,0,8.99,Cirrus,No Rain
18.73,64.77,1018.89,18.05,48.59,11.63,Cumulus,No Rain
17.8,53.22,1024.76,8.0,21.22,7.57,Cirrus,No Rain
10.24,57.51,1003.84,20.97,81.85,0.47,Stratus,Rain
18.41,98.91,1022.28,7.63,63.06,19.38,Cumulus,No Rain
7.67,15.46,1007.97,19.99,60.45,-8.48,Stratus,No Rain
21.96,93.66,1011.37,31.45,100,22.2,Cumulonimbus,Rain
17.98,92.01,1011.58,7.82,0,16.26,Cirrus,No Rain
23.36,85.75,1007.85,12.88,54.66,20.5,Cumulus,Rain
18.24,39.51,1018.72,17.27,94.39,6.53,Cirrus,No Rain
12.09,67.71,1016.13,11.96,57.3,6.27,Cumulus,No Rain
21.59,91.94,1016.93,17.94,38.84,22.36,Cumulus,Rain
25.5,47.6,1019.0,17.86,91.97,16.3,Cumulus,No Rain
23.04,74.09,1014.41,13.25,34.65,16.56,Cirrus,No Rain
-1.76,100,1000.52,14.38,20.73,-1.01,Cirrus,Rain
17.6,78.86,1010.57,2.4,7.13,12.32,Cirrus,No Rain
25.85,88.06,1020.17,18.44,79.24,24.36,Cumulus,Rain
17.62,54.25,1002.11,7.64,51.08,9.67,Cumulus,No Rain
12.14,66.35,1022.13,9.61,53.47,6.49,Cumulus,No Rain
2.24,82.1,1016.0,7.43,100,-3.01,Stratus,Rain
16.58,33.68,1008.21,9.29,46.07,5.61,Clear,No Rain
20.18,34.74,1020.35,4.57,20.95,7.05,Cirrus,No Rain
5.2,29.08,1013.74,11.52,49.23,-9.31,Cumulus,No Rain
23.06,66.84,1007.28,5.32,76.77,15.2,Cumulus,Rain
6.08,75.41,1002.0,14.61,0,1.31,Cirrus,Rain
18.88,41.49,1013.66,12.13,31.39,6.83,Nimbus,No Rain
18.55,65.51,1019.36,9.65,20.76,11.51,Cirrus,No Rain
18.46,76.33,1011.3,9.28,74.99,12.24,Cumulus,Rain
30.45,95.57,1015.29,15.95,62.52,28,Cumulus,No Rain
6.34,41.25,1023.13,16.28,59.18,-4.73,Cumulus,No Rain
15.38,74.78,1013.19,10.59,80.34,11.41,Cumulus,Rain
13.09,54.02,1015.11,10.33,41.3,3.47,Cumulus,No Rain
17.42,93.31,1016.95,15.77,72.38,17.45,Cumulus,Rain
13.58,71.44,1012.38,19.1,84.19,7.64,Cumulus,No Rain
7.1,66.46,1008.74,29.39,34.45,3.68,Cirrus,Rain
18.03,31.33,1013.57,10.81,48.87,3.8,Cumulus,No Rain
10.67,100,1007.54,10.32,50.68,11.65,Cumulus,Rain
-2.12,63.53,1013.79,10.15,10.07,-10.17,Cirrus,No Rain
17.97,87.06,1010.46,17.95,67.47,14.67,Cumulus,Rain
18.8,46.35,1014.93,9.16,35.96,7.4,Cumulus,No Rain
21.92,87.43,1018.06,13.39,63.17,17.94,Cumulus,No Rain
7.42,49.38,1013.8,10.85,73.54,-2.33,Stratus,No Rain
36.4,100,1007.14,15.57,56.32,28,Cumulus,Rain
8.8,64.91,996.88,6.76,36.87,2.07,Cumulus,No Rain
17.96,72.98,1014.71,15.16,55.96,13.72,Cumulus,No Rain
17.36,81.27,1016.0,19.42,53.14,15.29,Cumulus,No Rain
18.24,67.8,1007.86,3.86,67.95,12.07,Cumulus,Rain
15.43,89.23,1013.22,12.31,82.84,11.55,Cumulus,Rain
10.17,56.94,993.21,15.42,82.46,2.15,Stratus,Rain
35.55,90.52,1006.69,8.78,2.97,28,Cirrus,Rain
26.21,68.18,1004.85,12.63,9.5,20.69,Nimbus,No Rain
17.78,43.91,1022.78,3.78,0.61,5.79,Clear,No Rain
24.94,66.58,1004.12,17.88,73.03,17.95,Cumulus,Rain
17.79,83.24,1020.03,13.96,64.53,15.75,Cumulus,No Rain
25.97,58.15,1008.51,7.25,50.97,19.6,Cirrus,No Rain
2.94,53.06,1025.87,9.67,50.46,-4.73,Cumulus,No Rain
2.91,53.46,1015.03,16.55,64.26,-6.0,Stratus,No Rain
34.62,69.21,986.76,14.73,50.89,28,Cumulus,No Rain
29.4,50.31,1013.78,23.71,25.17,18.56,Cirrus,No Rain
6.4,39.39,1019.99,25.35,25.08,-5.6,Cirrus,No Rain
3.13,70.28,1009.25,13.3,62.71,-4.36,Stratus,No Rain
25.01,85.59,1008.21,31.11,100,22.75,Cumulonimbus,Rain
0.88,94.71,1021.63,22.1,22.37,0.48,Cirrus,Rain
16.6,62.01,1007.66,16.4,49.22,6.81,Cumulus,No Rain
27.38,70.46,1022.04,15.43,23.07,19.24,Cirrus,No Rain
4.94,61.29,1010.61,24.49,53.03,-1.7,Cumulus,No Rain
18.16,100,1010.01,14.36,100,18.57,Cumulus,Rain
18.93,40.0,1019.12,4.82,87.79,5.94,Cumulus,No Rain
14.34,70.35,1022.05,25.37,60.26,6.24,Cumulonimbus,No Rain
22.04,60.34,1019.67,10.72,14.58,12.35,Cirrus,No Rain
9.89,96.63,1002.68,17.28,5.68,7.67,Cirrus,Rain
36.65,100,1007.92,4.51,67.25,28,Cumulus,No Rain
7.16,83.26,1009.39,3.8,89.58,4.63,Stratus,Rain
26.68,71.85,1016.98,6.97,90.4,19.89,Cumulus,No Rain
21.23,67.99,1018.37,2.22,33.69,15.17,Cirrus,No Rain
13.31,68.45,998.91,17.41,86.9,6.15,Cumulus,Rain
27.5,59.15,997.22,37.24,90.92,19.15,Cumulonimbus,Rain
18.33,60.78,1023.05,8.21,38.72,10.91,Cumulus,No Rain
27.38,82.1,1008.85,12.1,36.51,23.99,Cumulus,Rain
16.41,57.72,1016.05,7.4,78.42,9.48,Cumulus,No Rain
-4.35,12.53,1005.74,10.29,0,-15,Clear,No Rain
5.9,47.32,1017.14,3.53,87.12,-4.73,Stratus,No Rain
20.57,63.57,1014.57,11.78,68.91,12.23,Cumulus,No Rain
30.24,46.53,1002.4,25.64,55.07,21.38,Cumulonimbus,Rain
4.78,75.49,1015.14,13.24,71.64,1.21,Stratus,Rain
16.55,37.87,1012.85,25.05,84.35,1.75,Cumulonimbus,No Rain
13.49,57.7,1005.63,2.83,55.12,1.99,Nimbus,No Rain
16.17,44.23,1001.13,11.81,0,2.7,Clear,No Rain
30.19,67.1,1007.58,22.78,89.92,23.63,Cumulus,Rain
23.37,90.52,1009.79,9.53,69.55,23.16,Cumulus,Rain
12.72,91.04,1017.13,14.47,30.22,11.72,Cirrus,Rain
4.96,46.44,1011.02,15.49,84.49,-5.96,Stratus,No Rain
17.53,82.43,1013.69,3.03,49.74,12.26,Cumulus,No Rain
6.74,47.25,1005.36,5.65,53.92,-4.83,Cumulus,No Rain
30.5,55.17,1006.78,11.78,5.73,22.11,Cirrus,No Rain
10.11,71.76,1019.33,10.78,100,5.15,Stratus,Rain
32.53,53.01,1007.74,22.08,91.28,23.79,Cumulus,Rain
9.31,61.04,1018.58,19.16,86.66,2.05,Stratus,No Rain
11.17,64.95,997.85,13.53,95.22,4.17,Stratus,Rain
8.58,87.66,1020.76,28.76,27.28,4.62,Cirrus,Rain
27.24,94.04,1014.85,6.43,75.82,27.83,Cumulus,Rain
22.51,87.2,1004.24,5.87,61.85,19.36,Cumulus,Rain
14.28,51.7,1000.01,26.71,64.6,3.88,Cumulonimbus,No Rain
27.56,49.87,1018.5,8.17,72.21,18.2,Cumulus,No Rain
15.09,76.4,1009.93,18.23,21.79,9.22,Cirrus,No Rain
21.96,61.49,1010.12,2.68,28.94,11.28,Cirrus,No Rain
15.33,82.5,1012.69,12.53,64.04,11.06,Cumulus,No Rain
27.84,85.54,1001.54,12.39,52.16,26.34,Cumulus,Rain
21.17,64.34,1014.2,9.03,31.14,14.35,Cirrus,No Rain
16.87,46.07,1023.14,12.28,21.11,5.21,Cirrus,No Rain
16.98,100,1017.76,8.27,41.89,15.35,Cumulus,No Rain
18.64,59.84,1006.63,15.68,79.57,11.76,Cumulus,Rain
26.36,63.83,1007.78,12.32,92.05,20.81,Cumulus,Rain
14.89,74.72,1016.68,23.83,74.02,9.46,Cumulus,No Rain
19.36,29.57,1011.43,11.74,49.9,5.97,Cumulus,No Rain
10.29,93.05,1007.15,9.61,24.44,10.99,Cirrus,Rain
14.45,55.54,1008.72,5.62,100,3.88,Cumulus,Rain
15.59,74.41,1021.82,3.36,8.34,9.87,Cirrus,No Rain
22.67,75.25,1010.91,29.85,78.36,15.81,Cumulonimbus,Rain
26.2,65.64,1017.28,16.18,58.99,19.55,Cumulus,No Rain
21.77,45.58,1010.78,14.88,22.11,10.97,Cirrus,No Rain
19.71,86.5,1006.39,10.11,32.06,16.96,Cirrus,Rain
12.56,88.61,1009.49,13.79,53.52,9.51,Cumulus,No Rain
28.73,95.05,1018.82,4.79,56.06,28,Cumulus,No Rain
18.2,82.02,1022.75,12.01,71.09,15.77,Cumulus,Rain
2.77,74.59,1019.4,9.27,36.15,-3.41,Cumulus,No Rain
27.59,96.06,997.5,9.35,6.71,26.66,Cirrus,Rain
27.24,50.02,1010.98,13.94,27.28,16.67,Cirrus,No Rain
19.69,59.91,1007.09,22.48,91.51,10.89,Cumulus,Rain
25.15,57.05,1016.91,14.37,87.45,16.41,Cumulus,No Rain
-0.56,73.94,1000.85,14.84,58.05,-4.26,Cumulus,No Rain
10.0,39.43,1012.36,14.1,91.74,-3.32,Stratus,No Rain
23.15,75.4,1008.22,23.77,89.03,17.67,Cumulus,Rain
23.79,32.95,1002.16,6.67,26.06,11.46,Cirrus,No Rain
2.07,68.48,1014.71,3.78,80.59,-5.01,Stratus,No Rain
25.95,80.08,1017.63,14.7,39.78,22.73,Cumulus,No Rain
14.58,65.16,1008.36,22.83,69.08,5.3,Cumulus,Rain
23.25,54.49,1001.7,41.74,42.22,12.74,Cumulus,No Rain
16.75,73.05,1024.73,18.62,37.18,11.29,Cumulus,No Rain
33.93,79.24,1012.11,21.45,0,28,Cirrus,No Rain
25.51,80.54,997.55,14.55,100,22.55,Nimbus,Rain
15.34,22.63,1013.16,6.05,50.55,0.22,Cumulus,No Rain
3.69,81.79,1013.02,12.32,53.27,-0.74,Cumulus,No Rain
27.32,65.64,1006.6,15.06,58.6,21.11,Cirrus,No Rain
16.98,73.75,1015.11,28.65,82.87,11.42,Cumulonimbus,No Rain
29.59,87.75,1010.16,10.42,42.68,27.44,Cumulus,Rain
16.64,77.04,1017.53,20.19,35.43,12.39,Cumulus,No Rain
19.68,81.25,1014.77,6.64,80.62,15.41,Cumulus,Rain
11.43,67.72,1007.14,14.16,0,4.56,Cirrus,No Rain
15.76,74.53,1005.62,2.24,39.54,11.47,Cumulus,No Rain
34.35,39.13,1021.66,23.92,100,22.2,Cumulus,Rain
9.19,93.72,999.1,21.87,28.89,7.3,Cirrus,Rain
19.43,41.29,1008.94,10.51,92.01,9.38,Cumulus,Rain
17.76,53.36,1017.81,3.73,79.85,7.4,Cumulus,No Rain
11.24,78.95,1021.62,11.6,80.37,7.67,Stratus,Rain
30.22,93.91,993.09,5.14,41.92,28,Cumulus,Rain
16.46,96.05,1012.59,10.05,89.76,15.25,Cumulus,Rain
3.98,81.32,1006.48,14.97,36.19,-0.32,Cumulus,Rain
24.02,64.69,1027.36,5.79,52.99,16.98,Clear,No Rain
21.16,42.02,1013.8,34.91,56.57,9.05,Cumulonimbus,No Rain
16.63,75.04,1014.55,13.16,4.07,11.4,Cirrus,No Rain
19.34,68.99,1007.92,18.6,0,13.25,Cirrus,No Rain
20.5,50.98,1013.37,13.5,39.38,12.74,Cumulus,No Rain
29.47,69.0,1016.1,13.44,86.36,22.14,Cumulus,Rain
22.28,66.52,1012.58,7.03,68.0,15.01,Cumulus,No Rain
26.47,54.57,1011.77,10.63,85.02,18.78,Cumulus,No Rain
23.68,57.91,1003.37,2.95,30.83,15.99,Cirrus,No Rain
5.22,47.15,1012.72,14.93,46.34,-4.7,Nimbus,No Rain
22.83,68.01,1025.63,14.0,14.91,15.72,Cirrus,No Rain
11.01,57.18,1005.8,9.19,16.82,2.38,Stratus,No Rain
30.32,82.92,998.99,15.41,28.99,25.58,Cirrus,Rain
11.46,31.34,1004.47,8.75,79.08,-2.68,Stratus,Rain
20.78,86.79,1014.78,8.27,66.32,19.08,Cumulus,Rain
31.11,58.88,1003.25,35.01,34.16,22.69,Cirrus,Rain
18.51,75.79,1019.31,2.71,3.41,13.46,Cirrus,No Rain
20.56,68.57,1018.45,2.76,89.75,13.9,Cumulus,No Rain
15.11,98.62,1007.04,7.71,55.21,13.27,Cumulus,Rain
19.84,43.57,1014.36,19.68,65.87,6.38,Cumulus,No Rain
1.45,80.58,997.68,5.82,0.0,-1.69,Cirrus,Rain
28.5,53.49,1003.15,11.49,67.19,20.23,Cumulus,No Rain
32.54,42.65,1013.46,4.82,69.98,20.09,Cumulus,No Rain
28.91,80.72,1016.05,31.61,63.27,23.27,Cumulonimbus,Rain
9.42,74.4,1009.4,19.48,94.09,3.68,Stratus,No Rain
20.54,66.84,1004.27,8.14,90.04,14.22,Cumulus,No Rain
8.85,88.16,1005.23,6.61,88.7,5.35,Nimbus,Rain
14.93,71.63,1021.58,27.86,39.49,8.77,Cumulus,No Rain
13.58,92.84,1006.43,8.58,39.23,12.75,Cumulus,Rain
27.76,68.52,1010.88,1.89,64.47,22.0,Cumulus,No Rain
20.99,67.36,997.08,10.88,78.39,15.46,Cumulus,Rain
19.95,89.36,1002.75,15.63,48.26,18.42,Cumulus,Rain
23.29,65.39,1003.32,14.6,47.75,16.07,Cumulus,No Rain
23.74,41.68,1012.54,9.95,10.06,10.29,Clear,No Rain
8.31,62.9,1008.27,7.3,75.18,0.21,Stratus,No Rain
17.67,90.49,1017.96,6.38,69.07,15.59,Cumulus,Rain
25.51,79.32,1016.02,2.93,53.37,21.65,Cumulus,No Rain
31.93,77.98,994.47,20.42,61.1,28,Cumulus,Rain
22.98,47.83,1004.64,28.6,43.01,12.37,Cumulus,No Rain
-8,58.03,1015.55,15.88,2.88,-15,Cirrus,No Rain
2.41,29.9,1008.54,7.96,24.16,-10.59,Cirrus,No Rain
12.28,76.76,1014.72,9.63,47.38,6.95,Cumulus,No Rain
30.18,59.79,1000.11,3.87,28.74,22.29,Cirrus,No Rain
15.15,47.5,1014.93,17.8,59.85,5.39,Cumulus,No Rain
8.29,69.62,1018.7,10.96,78.69,3.24,Stratus,No Rain
27.74,72.92,1022.23,16.75,66.43,23.3,Cumulus,No Rain
26.34,59.78,1019.49,10.27,65.18,16.37,Cumulus,No Rain
15.12,65.1,1013.52,2.07,33.83,7.67,Cirrus,No Rain
26.77,42.39,1026.27,14.48,46.18,16.23,Cumulus,No Rain
18.74,60.45,1022.74,10.17,95.46,12.32,Cumulus,No Rain
6.93,37.9,1018.07,3.74,35.69,-4.07,Cumulus,No Rain
13.41,36.79,1014.75,6.57,70.22,2.86,Cumulus,No Rain
14.32,57.18,1003.49,10.77,33.91,4.97,Cirrus,No Rain
16.95,56.12,997.08,12.87,100,6.76,Cumulus,Rain
15.74,68.67,989.75,2.12,27.03,9.35,Cirrus,No Rain
30.73,94.33,1017.01,23.36,88.34,28,Cumulus,Rain
17.66,68.02,1009.05,19.66,87.43,11.75,Cumulus,No Rain
11.58,66.92,1005.97,10.48,85.78,6.42,Stratus,Rain
21.4,54.37,1016.61,13.11,80.53,13.35,Cumulus,No Rain
24.17,51.9,1012.3,3.51,0,13.63,Cirrus,No Rain
21.31,59.07,1015.81,6.99,100,14.98,Cumulus,No Rain
3.41,76.11,1002.19,15.82,24.81,-0.26,Cirrus,Rain
22.91,65.74,1018.66,16.44,48.02,16.08,Cumulus,No Rain
14.01,73.38,1020.15,18.98,69.03,10.84,Cumulus,No Rain
24.5,65.11,1014.33,9.42,92.53,17.86,Cumulus,No Rain
15.95,41.79,1018.87,7.6,85.92,4.45,Cumulus,No Rain
17.06,72.73,999.23,13.13,29.75,12.43,Cirrus,No Rain
22.55,49.62,1014.87,35.95,73.93,12.38,Cumulonimbus,No Rain
27.48,46.51,1010.34,4.09,63.88,18.62,Cumulus,Rain
12.11,34.08,1015.71,7.81,15.41,-0.28,Cirrus,No Rain
25.93,87.93,1002.73,23.49,21.79,24.24,Cirrus,Rain
28.44,44.99,1035,9.15,88.04,18.36,Cumulus,No Rain
25.62,77.63,1017.92,19.59,54.6,19.97,Cumulus,No Rain
32.02,43.69,1005.63,6.33,24.83,20.25,Cirrus,No Rain
16.26,52.32,1004.06,10.59,88.97,6.19,Cumulus,Rain
15.15,64.41,995.97,6.43,25.04,8.11,Cirrus,No Rain
16.57,95.52,1013.25,10.48,100,17.41,Cumulus,Rain
12.55,42.49,1014.94,10.49,24.64,1.92,Cirrus,No Rain
21.78,54.23,1029.33,7.71,91.55,11.87,Cumulus,No Rain
15.2,64.6,1003.68,20.59,58.2,7.62,Cumulus,No Rain
13.4,32.94,1004.01,7.02,100,0.23,Cumulus,Rain
6.67,91.8,1030.52,14.93,30.96,5.24,Cirrus,No Rain
18.81,94.27,1009.95,11.18,95.29,17.8,Cumulus,Rain
21.35,69.5,1025.62,7.51,0,15.78,Cirrus,No Rain
7.49,88.64,1006.98,21.66,50.17,5.19,Cumulus,Rain
7.74,75.75,1010.79,13.58,69.84,2.38,Stratus,Rain
14.33,40.46,1010.26,14.15,45.73,1.97,Cumulus,No Rain
8.06,38.0,1013.79,23.42,58.08,-5.85,Cumulus,No Rain
31.15,91.59,1013.57,5.57,93.84,28,Cumulus,Rain
25.42,42.07,998.66,1.4,30.35,14.76,Cirrus,No Rain
12.81,47.45,1013.76,9.15,25.01,2.63,Cirrus,No Rain
22.89,77.79,1000.78,4.89,25.66,19.22,Cirrus,Rain
8.18,25.31,1001.61,11.45,97.43,-4.53,Stratus,Rain
2.39,76.44,1025.02,8.24,13.07,-2.38,Cirrus,No Rain
22.76,58.75,1020.89,26.52,76.36,12.86,Nimbus,Rain
13.72,54.61,1009.92,8.44,30.43,5.71,Cirrus,No Rain
32.87,88.62,1011.52,31.12,53.18,28,Cumulonimbus,Rain
27.25,52.39,1015.31,11.79,73.49,18.19,Cumulus,No Rain
17.86,96.25,1006.24,22.42,25.49,15.55,Cirrus,Rain
17.72,65.65,1015.9,23.71,83.12,10.27,Cumulus,No Rain
11.47,83.28,1014.06,11.55,60.5,8.4,Stratus,No Rain
6.69,48.23,1021.2,33.94,55.93,-5.06,Cumulonimbus,No Rain
2.84,57.55,999.96,7.55,64.99,-7.04,Stratus,No Rain
22.06,100,1005.97,8.51,86.2,23.76,Nimbus,Rain
29.37,56.72,994.06,9.09,66.0,22.72,Cumulus,No Rain
15.43,75.05,1013.83,10.81,14.14,12.74,Cirrus,No Rain
25.95,69.78,1004.69,8.09,66.37,18.93,Cumulus,Rain
34.64,79.76,1020.48,20.32,51.06,28,Cumulus,No Rain
14.67,57.34,1021.52,6.96,77.28,8.07,Cumulus,No Rain
37.85,36.12,1006.73,13.72,100,27.16,Cumulus,Rain
23.42,47.88,1017.42,9.54,71.01,12.83,Cumulus,No Rain
20.36,65.32,1027.92,9.34,31.69,12.72,Stratus,No Rain
12.39,70.06,1031.55,12.97,20.65,5.32,Cirrus,No Rain
15.22,44.18,1002.65,6.61,82.39,2.67,Cumulus,Rain
24.97,78.84,1008.95,17.26,94.92,19.52,Cumulus,Rain
19.28,64.31,1020.6,9.25,18.56,13.94,Cirrus,No Rain
2.22,74.04,1000.37,14.92,74.72,-3.66,Stratus,No Rain
20.1,57.09,1007.12,5.63,61.4,12.58,Cumulus,No Rain
20.58,37.64,998.09,17.24,100,9.12,Cumulus,Rain
19.61,81.65,1011.03,8.48,36.43,16.76,Stratus,No Rain
19.23,65.47,1009.09,13.78,100,10.72,Cumulus,No Rain
3.79,37.03,1019.31,21.02,48.41,-9.9,Cumulus,No Rain
26.3,71.32,1013.2,14.65,31.28,21.32,Cirrus,No Rain
28.56,74.08,1010.13,3.41,23.77,23.45,Cirrus,No Rain
28.26,54.59,992.41,17.1,46.05,20.72,Cumulus,No Rain
18.1,66.47,1004.23,9.4,56.58,9.89,Cumulus,No Rain
5.47,53.84,1016.22,5.11,59.02,-3.37,Cumulus,No Rain
16.49,54.12,1013.68,3.25,31.71,5.73,Cirrus,Rain
24.39,67.24,1002.06,7.85,64.87,17.54,Cumulus,No Rain
31.53,99.58,1009.62,11.88,96.34,28,Cumulus,Rain
17.71,89.77,999.59,4.67,30.55,14.97,Cirrus,No Rain
24.39,60.71,1004.12,23.08,4.06,17.25,Cirrus,Rain
24.72,43.32,1014.11,2.63,85.38,13.39,Cumulus,No Rain
25.47,91.93,1007.2,11.37,49.46,25.59,Cumulus,Rain
27.34,38.61,1026.05,22.39,92.85,14.03,Cumulus,Rain
3.83,78.93,1006.49,10.21,54.62,1.01,Cumulus,Rain
23.88,56.73,1003.61,18.58,47.07,15.1,Cumulus,No Rain
14.47,77.42,997.81,15.35,43.91,8.84,Cumulus,Rain
15.43,27.7,1003.57,23.48,78.46,0.72,Cumulus,Rain
12.56,63.94,1012.12,3.73,38.33,4.23,Cumulus,No Rain
10.62,68.94,1023.68,6.18,49.45,5.77,Cumulus,No Rain
28.13,89.49,1008.19,11.17,52.9,24.99,Cumulus,No Rain
27.42,84.68,1020.02,7.2,94.87,23.65,Cumulus,Rain
15.82,42.02,1014.46,4.82,43.21,5.1,Cumulus,No Rain
20.0,73.33,1005.45,22.82,69.59,13.5,Cumulus,Rain
27.2,79.08,1014.07,15.19,62.93,24.38,Cumulus,No Rain
8.84,45.27,1019.59,20.49,90.94,-0.67,Stratus,No Rain
17.15,27.94,1019.23,6.31,66.3,2.99,Cumulus,No Rain
12.25,45.88,1011.95,14.13,84.15,-0.51,Cumulus,No Rain
18.37,22.91,1002.78,13.07,84.12,2.3,Cumulus,Rain
23.84,64.13,1023.68,11.56,97.21,16.44,Cumulus,No Rain
19.48,85.51,1023.53,10.31,57.17,17.08,Cumulus,No Rain
21.98,77.38,1016.51,6.0,42.1,17.8,Cumulus,No Rain
10.17,39.54,1011.52,17.68,70.95,-3.88,Stratus,No Rain
1.08,100,1010.32,15.74,69.33,0.79,Stratus,Rain
19.63,57.4,1002.23,8.23,29.89,10.64,Cirrus,No Rain
23.65,100,1010.7,10.1,35.41,23.48,Cumulus,No Rain
24.53,31.63,1012.19,25.68,66.32,9.65,Cumulonimbus,No Rain
16.34,49.66,1018.55,19.54,34.61,5.9,Cirrus,No Rain
1.67,42.97,1013.86,21.64,33.85,-11.65,Cirrus,No Rain
1.57,49.45,1018.56,12.86,72.65,-8.22,Stratus,No Rain
13.22,81.02,994.95,14.52,41.47,11.89,Cumulus,Rain
10.24,46.58,1023.34,15.13,89.09,-1.02,Stratus,No Rain
25.34,100,1012.58,10.14,85.7,26.28,Cumulus,Rain
17.44,49.4,1035,14.8,100,5.6,Cumulus,No Rain
14.85,80.7,1011.46,14.36,45.69,11.1,Cumulus,No Rain
11.61,89.56,1013.12,17.93,100,8.7,Stratus,Rain
24.28,78.15,1008.64,6.2,51.27,20.86,Cumulus,Rain
16.61,94.67,1004.03,8.16,30.3,14.08,Cumulonimbus,Rain
35.73,56.16,1023.0,18.12,37.99,25.89,Cumulus,No Rain
30.44,54.65,1012.99,11.34,39.64,21.8,Cumulus,No Rain
16.3,60.1,1013.03,24.25,11.68,8.72,Cirrus,No Rain
16.66,47.64,1002.56,6.11,61.39,6.76,Cumulus,No Rain
6.67,23.87,1013.35,8.91,59.44,-8.78,Cumulus,No Rain
13.68,37.36,1009.96,4.65,70.63,0.72,Cumulus,No Rain
14.91,74.32,1012.8,19.25,37.8,10.52,Cumulus,No Rain
31.35,47.26,1022.59,31.93,59.69,21.65,Cumulonimbus,No Rain
19.27,43.56,1010.37,13.3,37.73,9.12,Cumulus,No Rain
18.08,94.74,1002.7,22.17,59.32,18.28,Cumulus,Rain
14.13,66.67,1032.84,3.46,78.17,5.81,Cumulus,No Rain
8.12,86.34,1025.15,10.39,38.72,5.42,Cumulus,No Rain
42,48.38,1015.56,17.63,100,28,Cumulus,No Rain
21.56,76.65,1004.84,18.72,85.92,15.28,Cumulus,Rain
18.11,54.4,1017.29,7.36,100,10.69,Cumulus,No Rain
36.19,42.8,1001.96,8.74,6.54,27.75,Clear,No Rain
15.29,36.04,1005.73,6.64,3.98,1.53,Clear,No Rain
22.92,78.76,1011.76,16.9,57.91,21.23,Cumulus,No Rain
19.01,57.92,1006.1,8.37,27.39,10.03,Cirrus,No Rain
18.22,49.28,1026.46,16.81,95.98,8.22,Cumulus,No Rain
15.48,68.99,1014.54,7.6,14.62,8.15,Cirrus,No Rain
19.42,66.54,1009.65,9.23,75.05,10.04,Cumulus,No Rain
5.07,78.94,1021.3,11.3,70.82,1.34,Stratus,Rain
16.4,69.21,1018.84,13.88,67.69,11.49,Cirrus,Rain
30.04,100,1010.46,28.67,45.69,28,Cumulus,Rain
27.99,69.46,1017.71,19.07,32.29,20.97,Cirrus,No Rain
39.82,76.27,1008.9,11.27,56.75,28,Cumulus,Rain
33.98,46.63,1015.02,21.25,35.5,24.64,Cumulus,No Rain
12.42,48.2,1012.91,7.2,94.75,-0.35,Cumulus,No Rain
9.29,42.46,1005.22,10.41,87.93,-1.95,Stratus,Rain
14.67,77.55,1014.89,14.87,67.98,11.28,Cumulus,Rain
19.23,59.15,1023.19,23.21,63.95,11.07,Cumulus,No Rain
10.5,68.81,998.97,12.72,41.82,3.02,Cumulus,No Rain
21.17,53.26,1014.59,9.45,55.88,12.86,Cumulus,No Rain
10.46,54.53,1010.82,6.79,84.24,3.55,Stratus,No Rain
26.88,47.26,1008.7,9.27,33.39,17.31,Cumulus,No Rain
20.82,75.07,1007.34,8.88,64.84,16.83,Cumulus,Rain
8.11,40.82,1008.2,9.54,80.59,-4.31,Stratus,Rain
14.61,78.63,1026.74,20.32,18.06,10.31,Cirrus,No Rain
21.5,28.66,1023.2,14.95,57.07,9.11,Cumulus,No Rain
11.86,69.35,1024.01,8.23,16.0,4.94,Cirrus,No Rain
6.22,82.04,1014.11,11.14,0,3.04,Cirrus,No Rain
2.89,57.9,996.35,8.34,47.24,-5.41,Cumulus,No Rain
18.69,86.12,1020.89,5.32,78.99,16.2,Cumulus,Rain
22.47,91.41,1013.65,12.21,28.68,21.15,Cirrus,Rain
14.39,61.25,1020.39,8.97,77.93,7.97,Cumulus,No Rain
27.28,90.38,1009.33,5.31,66.93,23.05,Cumulus,Rain
22.27,54.25,1009.08,14.77,93.5,10.5,Cumulus,No Rain
25.04,22.53,997.14,8.18,12.26,9.27,Clear,No Rain
24.66,77.24,1014.88,13.76,72.62,19.44,Cumulus,Rain
25.36,89.92,1022.4,6.95,96.66,23.85,Cumulus,No Rain
26.39,67.47,1020.7,14.69,37.41,17.87,Cumulus,No Rain
19.13,60.5,1018.16,16.74,0,12.48,Cirrus,No Rain
10.97,76.15,1010.83,17.12,62.84,5.92,Stratus,No Rain
12.45,100,1017.38,22.87,62.24,13.12,Cumulus,No Rain
16.25,61.23,1019.82,6.69,49.07,6.5,Cumulus,No Rain
37.25,100,1007.84,5.78,40.68,28,Cumulus,Rain
34.16,66.79,1017.59,8.04,94.15,28,Cumulus,No Rain
-2.13,77.6,1027.71,5.9,58.7,-8.15,Cumulus,No Rain
8.44,80.13,1014.25,10.18,71.11,4.2,Stratus,Rain
20.03,28.47,1012.93,8.36,60.97,5.83,Cumulus,No Rain
15.32,98.85,1007.27,23.86,59.42,14.98,Cumulus,Rain
26.32,95.56,1007.63,3.87,100,24.97,Nimbus,Rain
-1.74,31.35,1015.23,5.01,28.11,-15,Cirrus,No Rain
30.45,86.7,999.16,9.99,22.03,25.16,Cirrus,Rain
13.36,52.44,1006.72,6.18,67.06,2.34,Cumulus,Rain
18.38,48.75,1011.72,20.05,88.29,6.45,Cumulus,No Rain
19.15,76.39,1014.37,5.65,87.95,14.86,Cumulus,No Rain
9.61,11.24,998.27,35.85,38.45,-6.03,Cumulus,Rain
25.92,52.59,998.58,9.85,39.4,15.82,Cumulus,No Rain
16.22,22.5,1014.87,6.58,63.24,2.6,Cumulus,No Rain
12.97,66.73,1013.52,5.27,36.67,4.67,Cumulus,No Rain
1.23,98.91,1023.03,6.96,30.07,0.66,Cirrus,Rain
27.36,40.82,1011.87,12.99,44.2,16.36,Cirrus,Rain
8.4,86.55,1013.22,4.24,12.69,4.89,Cirrus,No Rain
32.62,61.24,1007.16,11.28,85.77,26.94,Cumulus,Rain
16.88,86.81,1004.99,6.48,55.31,14.04,Cumulus,Rain
17.31,54.34,1010.83,15.37,24.43,9.59,Cirrus,No Rain
23.89,76.84,1024.14,10.95,6.62,18.38,Cirrus,No Rain
13.74,66.63,1017.95,17.31,44.51,6.48,Cumulus,No Rain
18.5,52.45,1009.11,17.13,59.65,10.74,Cumulus,No Rain
20.26,62.68,1006.39,13.67,90.21,13.22,Cumulus,Rain
20.02,59.26,1008.88,6.11,41.38,12.09,Cumulus,No Rain
21.17,73.31,1009.94,10.23,28.27,16.33,Cirrus,No Rain
21.31,59.19,1003.46,8.2,37.87,10.38,Cumulus,No Rain
35.27,62.28,1009.91,10.53,0,27.68,Cirrus,No Rain
18.27,82.34,1005.9,10.52,95.46,15.88,Nimbus,Rain
14.96,38.54,1004.73,7.38,66.78,3.1,Cumulus,Rain
20.54,76.83,1024.18,3.45,59.6,15.89,Cumulus,No Rain
24.29,41.17,1012.86,30.17,50.79,11.97,Cumulonimbus,No Rain
26.68,92.77,1002.86,15.6,35.23,23.51,Cumulus,Rain
15.81,64.63,1010.4,7.41,16.36,9.79,Cirrus,No Rain
25.69,72.06,1013.56,9.56,70.68,20.31,Cumulus,Rain
21.75,70.81,1006.09,30.97,53.35,15.89,Cumulonimbus,Rain
33.41,47.52,1003.23,14.31,27.62,24.04,Cirrus,No Rain
21.32,44.35,1014.27,7.87,100,7.05,Cumulus,No Rain
11.14,52.48,1016.99,7.32,0,2.04,Cirrus,No Rain
15.8,48.01,1004.66,23.98,31.93,6.09,Cirrus,No Rain
12.75,97.62,1015.15,6.17,55.06,13.69,Cumulus,No Rain
34.1,46.91,998.22,19.68,79.92,22.68,Cumulus,Rain
10.14,61.86,1024.08,18.44,37.61,3.62,Cumulus,Rain
11.6,66.11,999.18,16.24,0.4,4.49,Cirrus,No Rain
22.19,69.74,996.3,5.36,11.44,15.75,Cirrus,No Rain
10.11,50.26,1010.75,18.16,9.41,0.19,Nimbus,No Rain
23.24,81.16,998.57,10.74,100,20.62,Nimbus,Rain
33.97,58.96,1016.84,15.71,67.92,25.31,Cumulus,No Rain
11.98,40.25,1020.66,8.85,56.72,0.2,Cumulus,No Rain
16.53,66.92,1003.79,14.98,82.73,10.41,Cumulus,Rain
7.44,55.29,1006.34,17.69,41.49,-2.49,Cumulus,No Rain
28.01,86.24,1016.35,23.42,62.83,24.78,Cumulus,Rain
-2.85,77.42,1007.53,14.75,78.52,-6.45,Stratus,Rain
23.48,63.34,1018.94,16.4,72.7,15.4,Cumulus,No Rain
23.37,63.99,1017.67,10.69,78.85,15.82,Cumulus,No Rain
16.09,50.1,1010.68,13.25,100,6.12,Cumulus,No Rain
16.68,60.0,1000.21,13.73,59.56,7.56,Cumulus,No Rain
12.27,79.54,1016.57,6.06,69.83,5.59,Cirrus,No Rain
12.97,81.46,1010.4,31.28,43.3,8.76,Cumulus,No Rain
22.77,58.13,1014.35,8.18,90.48,11.44,Cumulus,No Rain
15.31,85.99,1024.83,35.39,70.15,11.67,Cumulonimbus,Rain
8.9,66.67,1010.1,16.12,25.29,3.55,Cumulus,No Rain
10.25,100,1019.29,3.38,82.7,8.73,Stratus,Rain
-1.29,73.08,1004.96,8.91,85.55,-5.06,Stratus,Rain
10.63,51.22,1005.1,11.25,58.41,1.57,Cumulus,No Rain
15.87,71.12,1023.09,17.03,87.36,10.35,Cumulus,No Rain
4.78,57.22,1007.06,15.26,88.57,-1.94,Stratus,Rain
27.55,100,1012.58,19.58,81.43,28,Cumulus,Rain
17.49,45.0,1001.46,19.1,0,8.01,Cirrus,No Rain
12.02,83.97,1023.48,13.62,55.59,9.93,Cumulus,No Rain
12.8,60.91,1006.11,17.75,42.91,4.75,Cumulus,No Rain
10.42,56.01,1018.77,4.58,50.28,1.96,Cumulus,Rain
16.57,73.23,1005.5,12.19,62.67,10.49,Cumulus,No Rain
11.53,32.56,1009.62,19.73,62.64,-3.25,Stratus,No Rain
22.02,40.56,1014.07,9.5,76.99,9.3,Cumulus,No Rain
16.63,95.51,1019.03,18.0,16.36,13.62,Cirrus,No Rain
27.93,70.29,1007.16,22.9,51.22,21.82,Cumulus,Rain
18.19,62.1,1014.63,6.7,46.46,11.62,Cumulus,No Rain
16.64,42.24,1015.29,5.01,23.5,6.07,Cirrus,No Rain
23.91,80.97,1005.14,19.86,42.92,20.6,Cumulus,Rain
25.12,71.88,1014.0,14.91,82.23,20.78,Cumulus,No Rain
9.84,50.09,1021.21,14.58,49.93,-0.69,Cumulus,No Rain
6.28,68.34,1006.27,6.35,51.01,-1.24,Cumulus,No Rain
15.69,73.03,1017.86,8.47,58.9,9.3,Cumulus,No Rain
11.04,36.87,1004.55,14.23,40.05,-0.46,Cumulus,No Rain
1.1,50.94,1019.89,5.93,15.77,-9.69,Cirrus,No Rain
27.73,33.51,1014.87,13.73,33.63,15.53,Cirrus,Rain
12.57,52.57,1021.3,8.88,100,2.1,Cumulus,No Rain
20.87,87.54,1018.83,10.58,30.73,20.05,Cirrus,No Rain
25.22,31.61,1011.77,4.52,87.45,11.42,Cumulus,No Rain
28.21,51.86,1013.3,22.93,51.11,20.12,Cumulus,No Rain
5.1,75.86,1004.48,14.63,88.34,2.18,Stratus,Rain
20.88,99.71,1024.72,9.13,83.04,20.83,Cumulus,Rain
2.92,68.51,1000.19,6.96,100,-3.14,Stratus,Rain
16.88,63.53,1021.53,27.26,46.1,8.97,Cumulus,No Rain
30.14,64.03,1009.68,3.89,78.1,21.04,Cumulus,No Rain
25.73,69.73,1016.9,19.0,38.76,20.68,Cumulus,No Rain
21.5,45.48,1012.19,10.79,92.71,11.47,Cumulus,No Rain
12.4,59.3,1012.56,18.6,93.83,1.12,Cumulus,No Rain
11.23,47.69,1015.25,7.91,88.27,-0.94,Stratus,No Rain
21.25,81.98,1014.65,8.71,45.98,17.5,Cumulus,No Rain
15.61,66.45,1021.21,11.88,26.84,8.55,Cirrus,No Rain
37.93,66.3,1009.29,10.33,87.64,28,Cumulus,Rain
23.88,100,1030.46,11.98,42.43,23.27,Cumulus,No Rain
26.07,55.0,1009.87,17.34,100,19.29,Cirrus,No Rain
36.94,67.77,1016.15,27.68,53.19,28,Cumulonimbus,No Rain
18.2,50.55,1009.75,2.48,72.61,8.68,Cumulus,No Rain
9.04,83.79,1002.98,15.43,86.85,5.05,Nimbus,Rain
31.36,28.27,998.4,29.14,52.26,15.62,Cumulonimbus,Rain
32.29,49.24,1023.7,11.82,70.73,22.79,Cumulus,No Rain
7.83,76.54,1008.24,5.11,49.8,3.61,Cumulus,Rain
11.78,79.09,1030.56,14.99,82.09,6.76,Stratus,Rain
13.09,49.61,999.05,7.32,51.58,2.81,Cumulus,No Rain
18.24,68.16,1012.07,35.23,35.42,13.04,Cumulus,No Rain
29.17,68.64,1006.12,22.49,70.78,23.3,Cumulus,Rain
16.45,65.92,1015.35,3.07,40.71,9.83,Cumulus,No Rain
32.0,68.87,1001.3,18.59,56.24,25.98,Cumulus,No Rain
24.98,57.49,1011.01,15.84,29.53,19.26,Cirrus,No Rain
14.25,100,1024.75,14.15,62.98,13.54,Cumulus,No Rain
22.42,72.86,1019.06,2.05,40.54,15.3,Cumulus,No Rain
5.73,59.16,1018.66,13.38,60.28,-2.72,Stratus,No Rain
19.96,60.83,1007.41,3.08,58.78,11.26,Cumulus,No Rain
25.72,84.58,1018.64,14.8,100,21.04,Clear,Rain
20.69,97.61,1027.09,14.28,60.87,19.41,Cumulus,No Rain
20.35,36.32,1013.68,7.13,65.94,5.81,Cumulus,No Rain
11.99,56.46,1014.83,5.43,53.62,5.7,Cumulus,No Rain
14.34,70.35,1001.62,13.89,55.92,10.47,Cumulus,No Rain
25.11,17.28,1024.61,5.96,37.43,10.81,Cumulus,No Rain
15.46,71.78,1008.43,6.69,64.39,9.75,Cumulus,No Rain
21.7,63.1,1010.73,8.37,4.22,15.09,Cirrus,No Rain
31.35,69.24,1002.15,9.18,73.76,26.03,Cumulus,Rain
24.75,57.09,1021.71,8.35,41.79,14.68,Cumulus,No Rain
20.89,71.97,1008.52,11.34,33.66,17.16,Cirrus,No Rain
17.42,76.51,1007.93,14.1,83.19,11.93,Cumulus,Rain
15.72,69.79,1021.75,9.11,57.08,8.81,Cumulus,No Rain
17.54,86.9,1017.45,14.5,28.54,13.86,Cirrus,No Rain
29.13,73.1,1010.53,24.86,21.02,24.94,Cirrus,No Rain
16.56,82.6,999.86,8.33,0,14.01,Cirrus,Rain
8.15,54.0,1008.45,6.03,82.05,1.02,Stratus,Rain
42,52.17,999.86,9.42,55.13,28,Stratus,No Rain
18.06,81.61,1010.19,7.78,27.26,15.83,Cirrus,No Rain
18.33,75.17,1011.98,5.41,100,13.8,Cumulus,Rain
18.24,36.89,1013.87,12.68,41.16,5.54,Cumulus,No Rain
6.13,60.22,999.01,15.74,11.05,-2.33,Cirrus,No Rain
38.52,50.49,1018.74,12.37,28.78,28,Cirrus,No Rain
20.9,88.7,1010.34,17.86,64.28,19.01,Cumulus,No Rain
21.51,69.45,1017.18,17.1,38.49,14.77,Cumulus,No Rain
23.1,81.73,1010.41,8.16,81.52,19.53,Cumulus,Rain
16.1,67.57,1003.66,15.44,100,7.99,Cumulus,Rain
11.08,68.96,1014.13,3.87,87.85,3.57,Stratus,No Rain
14.17,62.87,994.01,16.79,52.23,5.06,Cumulus,No Rain
9.25,73.52,1009.21,13.5,74.75,4.35,Stratus,No Rain
20.81,100,1008.59,9.1,41.1,21.5,Cumulus,Rain
42,19.33,994.9,14.2,50.98,25.32,Cumulus,No Rain
23.09,70.27,1007.17,14.31,36.66,17.95,Cumulus,No Rain
11.25,53.71,1008.65,8.24,68.81,2.2,Stratus,Rain
21.34,69.49,1024.64,7.06,12.9,11.91,Cirrus,No Rain
6.69,69.13,1013.04,33.67,54.08,0.34,Cumulonimbus,No Rain
7.79,100,1013.78,10.4,10.09,9.03,Cirrus,No Rain
8.73,52.73,1014.74,16.21,68.03,-0.84,Stratus,No Rain
8.45,88.78,1018.86,9.8,0,10.13,Cirrus,No Rain
34.91,61.17,1015.37,17.68,46.24,26.48,Cumulus,Rain
10.71,78.07,1018.8,8.45,0,8.53,Cirrus,No Rain
9.76,42.07,1009.29,26.5,46.53,-0.53,Cumulus,No Rain
23.71,70.03,1020.22,8.95,57.73,20.95,Cumulus,No Rain
17.0,63.12,1017.43,3.72,88.92,8.23,Cumulus,No Rain
22.76,79.7,1001.97,15.37,14.06,19.17,Cirrus,No Rain
23.94,40.24,1019.23,23.31,67.25,12.31,Cumulus,No Rain
19.71,40.13,1015.95,7.96,62.63,6.81,Cumulus,No Rain
21.32,55.49,1027.85,12.86,86.01,12.99,Cumulus,No Rain
27.08,67.96,1011.16,9.76,100,20.96,Cumulus,No Rain
19.59,55.89,1015.83,19.48,98.21,11.12,Cumulus,No Rain
27.01,58.64,1014.65,5.91,36.46,17.84,Cumulus,No Rain
9.69,100,1035,7.08,19.39,9.19,Cirrus,No Rain
32.31,82.53,1013.28,8.85,55.92,28,Cumulus,No Rain
11.84,95.24,1020.66,21.12,99.67,11.45,Stratus,Rain
21.91,57.26,1019.47,19.03,52.98,15.27,Cumulus,No Rain
17.15,52.97,1033.6,12.09,97.44,5.74,Cumulus,No Rain
25.93,60.26,1009.48,5.42,69.36,18.72,Cumulus,No Rain
27.55,64.24,1002.97,22.03,73.84,20.7,Cumulus,Rain
7.77,76.27,998.13,12.15,51.34,3.58,Cumulus,Rain
22.41,51.86,1006.13,12.39,23.53,12.48,Cirrus,Rain
26.32,47.27,1025.58,6.71,92.38,17.69,Cumulus,No Rain
19.35,13.2,1016.56,2.93,52.56,4.4,Cumulus,No Rain
20.06,84.53,1020.28,5.46,100,17.26,Cumulus,Rain
9.4,51.76,1019.06,10.72,31.81,0.59,Cirrus,No Rain
14.7,58.14,991.92,41.7,17.47,6.67,Cirrus,No Rain
19.61,61.66,1016.28,4.28,73.55,11.99,Nimbus,No Rain
17.21,99.85,1010.9,13.67,73.93,18.16,Cumulus,Rain
26.53,81.75,1013.0,5.14,59.02,22.44,Cirrus,Rain
33.97,91.1,1002.86,21.2,86.17,28,Nimbus,Rain
17.05,69.77,1027.98,15.64,50.51,11.49,Clear,No Rain
23.29,54.03,1005.8,24.6,55.18,11.39,Cumulus,No Rain
28.4,47.83,1023.29,13.86,24.04,18.41,Cirrus,No Rain
5.18,46.35,1008.36,10.04,55.18,-4.5,Cumulus,No Rain
7.8,51.06,1013.36,10.43,61.85,-3.24,Stratus,No Rain
19.28,44.23,1007.7,9.96,58.6,8.93,Cumulus,No Rain
19.04,41.64,1023.06,20.76,100,7.3,Cumulus,No Rain
20.17,87.59,1009.98,11.58,73.88,18.45,Cumulus,Rain
9.03,67.68,1014.32,14.26,58.62,1.37,Cumulus,No Rain
22.53,57.04,1005.27,3.46,52.6,13.94,Cumulus,No Rain
19.29,71.11,1020.79,4.14,61.86,14.57,Cumulus,No Rain
10.4,77.13,1019.02,7.39,84.1,5.43,Stratus,Rain
1.15,62.66,1010.25,8.22,27.3,-6.49,Cirrus,No Rain
12.59,32.33,1013.06,9.75,33.61,-3.19,Cirrus,No Rain
15.35,35.92,1005.82,27.35,54.83,2.69,Cumulonimbus,No Rain
13.72,84.7,1011.22,9.6,22.14,10.21,Cirrus,Rain
19.4,76.95,1003.46,6.01,62.06,15.97,Cumulus,Rain
18.86,71.75,1020.6,6.01,100,13.37,Cumulus,No Rain
0.93,37.73,1012.68,6.36,86.81,-9.44,Stratus,No Rain
22.77,47.62,1010.06,6.58,52.63,10.89,Cumulus,No Rain
23.38,67.11,1013.77,6.67,90.23,16.43,Cumulus,No Rain
25.02,62.96,1009.26,13.87,35.04,15.24,Cumulus,No Rain
23.7,67.83,1008.93,21.99,28.61,14.64,Cirrus,No Rain
24.81,99.83,1019.24,10.31,100,26.43,Cumulus,Rain
28.67,12.9,1019.71,7.47,52.47,9.24,Cumulus,No Rain
27.13,46.19,994.15,9.35,1.48,16.68,Cirrus,No Rain
30.03,88.28,1011.49,13.74,66.07,27.32,Cumulus,Rain
41.35,81.05,1004.19,5.55,43.53,28,Cumulus,Rain
22.36,81.54,1004.3,8.96,36.32,18.17,Cumulus,Rain
32.26,69.69,1001.95,20.45,53.75,26.25,Clear,No Rain
0.58,42.01,996.43,14.33,59.08,-10.69,Cumulus,No Rain
6.38,92.01,1007.53,15.79,100,2.22,Nimbus,Rain
12.78,92.72,1028.74,7.93,75.23,11.08,Cumulus,Rain
8.8,85.65,1004.33,3.9,100,5.46,Nimbus,Rain
-8,62.87,1010.1,27.5,74.68,-15,Stratus,Rain
7.24,41.46,1012.45,8.79,100,-3.06,Stratus,No Rain
12.14,90.42,1013.72,20.1,56.78,10.84,Cumulus,No Rain
17.32,76.78,1004.39,9.5,40.41,11.74,Cumulus,Rain
34.92,75.41,1013.54,4.35,35.77,28,Cumulus,Rain
24.42,96.46,1011.6,7.11,67.28,22.17,Cumulus,Rain
6.84,35.59,1016.12,4.97,52.48,-6.66,Cumulus,No Rain
12.92,66.9,1018.8,10.72,23.53,6.83,Stratus,No Rain
15.01,32.66,1016.33,2.71,80.09,3.19,Cumulus,No Rain
23.04,53.74,1016.53,4.0,95.79,14.5,Cumulus,No Rain
11.51,62.93,1007.69,14.76,59.13,6.39,Cumulus,No Rain
26.69,53.96,1017.73,20.13,79.13,17.78,Cumulus,No Rain
21.27,64.02,1026.3,9.28,64.58,12.53,Cumulus,No Rain
14.35,88.67,1003.51,16.22,56.38,12.35,Cumulus,Rain
23.84,43.38,1006.54,9.89,47.89,12.24,Cumulus,No Rain
6.44,21.23,1009.41,9.5,100,-8.9,Stratus,No Rain
3.67,13.15,1006.47,9.27,59.09,-14.32,Cumulus,Rain
8.95,64.0,1019.48,6.44,81.29,2.18,Stratus,No Rain
33.32,88.25,1017.12,6.45,65.54,28,Cumulus,Rain
8.35,93.49,1019.47,20.87,43.46,5.61,Cumulus,No Rain
21.72,86.11,1004.15,4.75,60.6,18.07,Cumulus,Rain
7.18,53.05,1014.58,16.87,17.9,-1.58,Cirrus,No Rain
9.51,62.09,1027.04,9.67,80.8,1.66,Stratus,No Rain
24.68,40.25,1017.77,4.34,57.39,13.46,Cumulus,No Rain
21.21,57.13,1009.07,8.85,87.04,13.46,Cumulus,Rain
40.31,80.01,1016.05,12.49,48.52,28,Cumulus,No Rain
23.35,68.27,1009.65,10.58,0,16.55,Stratus,No Rain
12.15,68.07,1004.3,11.25,69.02,5.86,Cumulus,Rain
22.31,67.24,1008.16,16.49,52.51,17.65,Cumulus,No Rain
31.22,53.09,1007.07,20.48,69.44,20.13,Cumulus,Rain
20.97,100,1006.86,20.63,37.53,18.98,Cumulus,Rain
34.42,59.14,1022.61,12.23,20.13,27.48,Clear,No Rain
24.69,37.36,1012.39,6.83,78.75,14.43,Cumulus,No Rain
12.52,97.13,1020.27,7.41,70.39,12.36,Cumulus,Rain
2.25,64.1,1022.39,29.47,41.33,-4.3,Cumulus,No Rain
15.56,62.88,1010.13,13.15,39.03,7.96,Cumulus,Rain
31.02,52.5,1020.0,9.57,0,21.85,Cirrus,No Rain
16.59,82.33,1010.79,23.12,52.31,13.33,Cumulus,No Rain
28.92,51.95,1026.58,16.25,46.65,20.59,Cumulus,No Rain
16.39,86.81,1005.83,13.77,71.48,12.39,Cumulus,Rain
3.54,45.74,1016.61,17.68,58.6,-5.79,Cumulus,No Rain
30.05,77.01,1014.52,10.23,46.94,25.21,Cumulus,No Rain
16.51,75.75,1009.79,13.18,41.86,10.02,Cumulus,No Rain
16.35,79.22,997.92,3.0,85.45,12.32,Cumulus,Rain
24.73,51.24,1011.68,10.68,52.0,14.76,Cumulus,No Rain
21.47,58.43,1016.64,6.73,47.73,14.81,Cumulus,No Rain
2.55,39.14,1002.96,11.78,37.18,-9.27,Cumulus,No Rain
19.0,59.23,1006.67,11.04,58.47,11.56,Cumulus,No Rain
5.19,42.08,1011.79,10.75,19.32,-2.86,Cirrus,Rain
14.35,50.08,1021.72,16.64,95.1,4.56,Cumulus,No Rain
2.75,64.18,1010.06,10.57,64.87,-4.24,Stratus,No Rain
36.62,54.97,1017.2,23.86,56.7,27.77,Cumulus,No Rain
7.33,42.34,1007.97,6.27,79.75,-2.67,Stratus,Rain
18.93,50.57,1023.03,24.75,79.65,8.95,Cumulus,Rain
27.15,59.65,1001.51,17.95,66.78,18.99,Cumulus,Rain
9.2,100,1010.73,8.57,51.71,8.24,Cumulonimbus,No Rain
12.0,81.8,1014.83,13.68,0,11.32,Cirrus,No Rain
16.44,90.44,998.21,16.99,51.16,15.17,Cumulus,Rain
19.7,63.65,1003.06,13.69,0,12.39,Cirrus,No Rain
9.59,42.16,1008.78,16.56,31.9,-1.88,Cirrus,No Rain
-1.43,89.52,998.66,14.73,89.25,-1.7,Nimbus,Rain
21.05,85.75,1020.71,40.88,64.15,17.34,Cumulonimbus,No Rain
21.97,92.63,1014.19,2.93,91.96,18.72,Cumulus,Rain
6.0,60.14,1007.75,8.87,63.84,-1.96,Stratus,No Rain
15.77,35.79,1010.8,6.74,46.81,2.55,Cumulus,Rain
30.63,53.28,1008.81,10.46,0,21.66,Cirrus,No Rain
9.26,27.36,1009.09,7.8,99.15,-4.56,Stratus,No Rain
24.61,100,1011.42,9.37,77.09,24.08,Cumulus,Rain
13.81,47.74,997.22,1.84,78.99,0.79,Cumulus,Rain
22.48,55.28,1003.28,7.48,33.79,15.05,Cirrus,No Rain
18.64,85.23,995.59,3.88,36.88,14.63,Cumulus,Rain
18.38,82.49,1021.43,9.04,6.09,15.23,Cirrus,No Rain
33.07,53.62,998.02,22.62,54.1,24.0,Cumulus,Rain
12.85,28.44,1020.1,5.41,34.09,-5.31,Cirrus,No Rain
4.46,83.75,1008.98,6.11,75.64,2.11,Stratus,Rain
8.01,47.93,1005.57,4.31,50.86,-3.23,Cumulus,No Rain
33.4,58.81,1007.72,20.47,68.36,26.5,Cumulus,Rain
13.65,60.91,1005.99,14.43,73.81,6.24,Cumulus,Rain
25.68,85.85,1005.07,24.66,51.03,20.73,Cumulus,Rain
13.1,87.92,990.76,14.1,65.6,9.03,Cumulus,Rain
18.35,75.15,1012.32,8.07,0,13.03,Cirrus,No Rain
18.15,82.81,1001.44,6.16,27.02,14.82,Cirrus,Rain
18.05,48.13,1002.41,12.08,79.1,6.05,Cumulus,Rain
13.57,92.35,1012.3,8.6,62.26,12.96,Stratus,No Rain
21.27,53.51,1012.12,16.26,80.23,13.16,Cumulus,No Rain
22.4,47.93,1019.54,3.78,96.47,11.54,Cumulus,No Rain
23.59,40.47,1016.87,23.27,50.79,14.29,Cumulus,No Rain
-4.44,42.15,1015.02,13.57,0,-14.5,Clear,No Rain
24.73,45.57,1014.6,4.98,0,12.4,Cirrus,No Rain
29.12,50.46,1014.07,5.44,0.98,19.28,Cirrus,No Rain
21.45,56.82,1019.46,1.97,14.86,12.86,Cirrus,No Rain
14.23,76.6,1020.98,17.13,73.89,10.2,Cumulus,Rain
24.46,58.72,1010.23,7.02,57.0,16.53,Cumulus,No Rain
9.79,100,1010.63,8.36,85.17,6.95,Stratus,Rain
25.84,74.0,1035,37.28,43.72,19.38,Cumulus,No Rain
5.71,42.89,996.91,17.99,0,-5.2,Clear,No Rain
17.39,77.46,1020.61,9.75,0,15.02,Clear,No Rain
17.7,65.86,1004.51,19.59,92.9,9.89,Cumulus,Rain
33.42,43.21,1003.9,7.96,62.65,21.89,Cumulus,No Rain
19.29,65.94,1012.39,1.96,100,12.95,Cumulus,Rain
15.2,66.9,1001.13,22.55,77.05,10.53,Cirrus,Rain
13.82,72.33,1024.05,7.77,38.23,8.95,Cumulus,No Rain
7.67,97.5,1009.7,17.03,82.83,7.26,Stratus,Rain
34.32,88.19,1010.26,15.25,84.4,28,Cumulus,Rain
9.88,89.84,1007.52,12.12,100,8.19,Nimbus,Rain
23.6,45.51,991.3,14.16,52.45,13.4,Cumulus,No Rain
19.44,42.59,1005.53,13.73,34.47,5.62,Cirrus,No Rain
29.4,81.49,1024.35,10.34,27.75,24.21,Cirrus,No Rain
15.36,69.62,1006.35,16.97,51.01,9.03,Cumulus,No Rain
15.51,54.61,1017.69,33.76,57.27,3.51,Cumulonimbus,No Rain
21.32,34.28,1013.53,22.63,36.77,6.55,Cumulus,No Rain
21.2,85.46,1019.33,4.3,65.83,17.82,Cumulus,Rain
23.71,45.27,1012.7,10.91,65.63,13.73,Cumulus,No Rain
24.54,65.25,1025.25,4.31,58.98,18.75,Cumulus,No Rain
18.9,100,1012.65,13.18,63.22,18.73,Cumulus,No Rain
19.2,100,1009.1,13.5,65.68,18.43,Cumulus,Rain
10.4,62.47,1011.38,7.36,67.38,3.38,Stratus,No Rain
26.43,68.43,1018.17,6.23,58.19,22.01,Cumulus,No Rain
12.67,38.58,1023.74,14.56,63.02,0.32,Cumulus,No Rain
35.3,75.64,994.61,44.46,69.22,28,Cumulonimbus,Rain
12.1,70.72,1011.29,8.63,20.97,5.11,Cirrus,No Rain
27.68,78.76,1009.23,13.91,44.61,22.42,Cumulus,No Rain
9.98,61.32,1019.01,6.43,45.1,2.69,Cumulus,No Rain
15.25,46.43,1013.4,5.03,100,5.49,Clear,No Rain
26.64,72.58,1008.5,11.17,73.44,21.24,Cumulus,Rain
15.89,64.88,1008.24,1.24,68.24,8.13,Cumulus,Rain
6.46,82.44,1016.67,9.75,68.62,3.19,Stratus,Rain
18.24,82.77,1006.13,18.8,62.79,14.66,Cumulus,Rain
9.47,44.73,989.74,12.1,52.55,-2.19,Cumulus,No Rain
11.16,45.92,1004.83,26.79,42.1,0.58,Cumulus,No Rain
25.86,71.0,1018.64,15.44,40.12,18.89,Cumulus,Rain
16.89,59.14,1014.34,20.35,74.21,6.8,Cumulus,No Rain
20.37,93.66,1012.43,14.29,31.28,18.33,Cirrus,No Rain
23.66,37.09,1004.74,14.34,35.61,10.99,Cumulus,No Rain
20.49,50.13,1024.21,24.26,79.66,9.71,Cumulus,No Rain
20.09,76.09,1006.2,19.26,58.42,15.09,Cumulus,Rain
15.73,51.45,1009.23,15.71,65.1,4.64,Cumulus,No Rain
14.16,93.1,1004.27,17.45,34.11,12.56,Cirrus,Rain
21.4,78.87,1017.68,11.47,41.49,16.62,Cumulus,No Rain
35.0,65.9,1017.55,7.3,0,28,Cirrus,No Rain
8.52,84.95,1007.19,12.1,81.87,5.05,Nimbus,Rain
26.87,69.25,1023.67,2.79,35.34,22.25,Cumulus,No Rain
18.25,91.96,1014.38,6.46,41.8,18.24,Cumulus,No Rain
7.87,37.68,1011.22,17.54,63.89,-6.59,Stratus,No Rain
20.54,48.1,1015.7,37.97,40.06,10.46,Cumulus,No Rain
4.55,85.35,1008.07,26.73,32.58,-0.83,Cirrus,Rain
30.78,88.56,1016.51,8.29,43.32,27.84,Cumulus,No Rain
4.82,47.16,1006.29,26.02,12.98,-4.86,Cirrus,Rain
7.83,59.25,1003.87,14.95,45.35,0.63,Cumulus,No Rain
19.91,52.04,1018.16,11.47,11.71,10.9,Cirrus,No Rain
22.7,72.41,1014.19,19.16,86.7,16.59,Cumulus,No Rain
24.8,55.44,1007.57,18.42,100,14.01,Cumulus,Rain
22.54,73.51,1015.98,15.01,100,15.8,Cumulus,No Rain
22.82,59.89,1004.88,12.89,73.66,15.99,Cumulus,Rain
5.28,80.1,1018.33,16.49,93.3,1.92,Stratus,Rain
15.81,69.12,1004.34,7.05,0,8.61,Cirrus,No Rain
14.05,42.9,1007.5,2.62,12.54,2.45,Clear,No Rain
19.71,52.47,1009.41,1.15,36.26,10.81,Cumulus,No Rain
15.44,68.73,1009.63,10.45,75.09,9.81,Cumulus,No Rain
14.32,46.29,1010.37,38.16,87.43,2.69,Cumulonimbus,No Rain
31.49,100,1024.22,8.07,64.17,28,Cumulus,No Rain
20.14,44.85,1007.81,17.82,52.11,8.15,Cumulus,No Rain
22.29,95.93,1002.0,8.16,28.13,20.75,Cirrus,Rain
21.49,54.04,994.65,21.82,43.7,13.33,Cumulus,No Rain
1.66,84.79,1009.88,3.46,63.12,-2.26,Stratus,No Rain
13.29,71.53,1014.11,3.56,30.92,7.3,Cirrus,No Rain
17.52,64.71,1006.47,21.54,69.21,9.24,Cumulus,Rain
23.1,41.39,996.72,9.56,59.39,11.28,Cumulus,No Rain
24.13,82.43,1012.58,3.34,55.6,19.45,Cumulus,No Rain
-7.77,61.6,1003.58,16.37,40.43,-15,Cumulus,No Rain
19.76,65.43,1009.57,16.96,73.99,14.29,Cumulus,No Rain
18.98,59.39,1012.36,21.16,67.1,10.42,Cirrus,No Rain
34.96,73.18,1016.72,14.29,32.76,28,Cirrus,No Rain
3.47,100,1010.35,32.85,46.35,5.29,Cumulus,Rain
17.43,31.48,1011.93,5.63,62.76,2.31,Cumulus,No Rain
21.94,61.38,1006.74,21.35,65.07,14.45,Cumulus,Rain
16.57,45.04,1019.81,8.52,67.31,4.73,Cumulus,No Rain
23.85,63.54,1020.12,4.64,55.44,17.59,Cumulus,No Rain
-0.87,53.99,1010.84,22.01,78.12,-12.07,Stratus,Rain
1.68,53.53,1028.77,7.71,28.97,-6.53,Cirrus,No Rain
28.33,69.41,1011.38,6.1,3.34,22.61,Cirrus,No Rain
25.19,11.93,1009.41,23.21,75.43,7.32,Cumulus,No Rain
15.68,43.74,1013.84,9.31,33.8,3.5,Cirrus,No Rain
14.99,60.56,1018.68,13.73,4.09,8.2,Cirrus,No Rain
5.52,49.77,1008.49,15.31,44.17,-3.17,Cumulus,No Rain
10.91,77.93,1002.97,13.97,44.75,6.57,Cumulus,No Rain
19.86,56.94,1012.43,7.75,65.71,11.62,Cumulus,No Rain
35.25,71.78,1011.26,13.71,19.85,28,Cirrus,No Rain
5.1,66.86,1010.3,10.79,77.12,-2.84,Stratus,Rain
12.57,57.75,1013.96,5.94,18.27,4.79,Cirrus,No Rain
14.02,84.37,1008.34,8.96,73.37,10.47,Cumulus,Rain
12.94,86.11,1003.71,19.62,72.46,11.24,Cumulus,No Rain
16.69,50.37,1012.49,5.01,75.44,4.35,Cumulus,No Rain
16.57,69.98,1015.91,5.58,34.65,8.95,Cirrus,No Rain
19.65,59.45,1026.7,8.22,89.54,11.37,Cumulus,No Rain
35.33,81.34,1023.07,18.49,42.68,28,Cumulus,No Rain
8.31,72.89,1021.4,11.62,55.02,0.67,Cumulus,No Rain
17.53,38.58,996.98,15.74,76.62,5.71,Cumulus,Rain
14.45,67.76,1005.79,11.27,28.03,8.71,Cirrus,Rain
18.46,50.51,1013.78,11.28,10.4,9.83,Cirrus,No Rain
19.3,31.56,1013.71,12.93,82.12,6.69,Cumulus,No Rain
28.58,51.49,1010.69,11.52,39.87,17.68,Cumulus,No Rain
25.15,89.59,1023.4,9.46,48.38,22.09,Cumulus,No Rain
19.11,81.71,994.16,10.23,100,14.81,Nimbus,Rain
13.07,27.86,1024.44,22.92,47.92,-2.51,Cumulus,No Rain
12.3,51.13,1011.31,16.01,66.35,5.04,Cumulus,No Rain
9.41,68.25,1012.02,6.3,42.6,3.01,Cumulus,No Rain
21.73,50.8,1017.75,21.18,54.8,11.3,Cumulus,No Rain
10.27,64.17,1022.28,18.21,44.25,5.0,Cumulus,No Rain
25.08,45.85,1009.26,7.82,93.69,16.26,Cumulus,No Rain
11.39,38.18,1027.19,2.85,17.25,-1.93,Cirrus,No Rain
21.29,83.03,1001.52,10.32,64.5,17.46,Cumulus,Rain
19.43,53.33,1015.66,6.55,100,10.52,Cumulus,No Rain
16.0,51.61,1004.42,4.27,32.0,5.82,Cirrus,No Rain
-5.77,37.36,1012.82,2.18,44.64,-15,Cumulus,No Rain
19.79,55.69,1008.99,7.26,92.32,10.14,Cumulus,Rain
26.04,49.31,1014.75,3.69,56.08,17.9,Cumulus,No Rain
5.07,48.12,1010.92,31.99,15.0,-6.55,Cirrus,No Rain
29.92,28.85,1017.87,8.21,49.96,15.51,Cumulus,No Rain
27.91,52.76,1017.02,23.34,55.27,18.01,Cumulus,No Rain
-6.76,62.82,1018.54,17.82,42.56,-13.8,Cumulus,No Rain
11.17,57.54,1012.63,4.1,0,2.36,Cirrus,No Rain
32.39,38.81,1013.18,7.01,87.54,21.38,Cumulus,No Rain
1.6,72.77,1012.97,18.0,69.63,-4.7,Stratus,No Rain
14.32,43.6,1016.37,3.66,48.6,3.32,Cumulus,No Rain
11.33,66.83,1007.98,9.34,89.22,4.7,Stratus,Rain
27.59,93.51,1020.72,12.49,42.92,26.13,Cumulus,No Rain
8.67,61.78,1021.33,26.04,89.3,-1.16,Stratus,Rain
12.91,53.29,1009.49,10.22,50.03,2.8,Cumulus,No Rain
19.94,77.04,995.71,9.53,54.21,14.14,Cumulus,Rain
0.16,78.64,1015.74,6.14,42.04,-4.05,Cumulus,No Rain
13.78,59.15,1025.09,11.23,86.33,6.45,Cumulus,No Rain
9.14,64.12,1013.99,9.25,39.74,1.56,Cumulus,No Rain
19.36,68.64,1024.72,20.9,43.83,13.7,Cumulus,No Rain
22.03,53.38,1009.6,16.45,0,12.39,Cirrus,No Rain
18.51,91.97,1003.88,17.68,100,17.07,Nimbus,Rain
23.64,58.58,1020.26,14.8,61.03,16.05,Cumulus,No Rain
24.47,60.41,1012.03,12.23,15.16,16.96,Cirrus,No Rain
11.46,47.15,1020.57,25.35,61.26,0.44,Stratus,No Rain
27.1,62.68,1016.03,4.1,21.87,22.07,Cirrus,No Rain
4.23,60.48,1009.83,5.1,74.67,-3.71,Stratus,No Rain
12.89,76.97,988.67,8.36,86.43,7.32,Cumulus,Rain
21.16,38.25,1006.07,16.21,30.84,8.46,Cirrus,No Rain
28.12,43.18,1021.32,15.03,52.92,16.5,Cumulus,No Rain
21.15,58.3,1004.11,6.98,77.5,12.37,Cumulus,Rain
11.2,74.49,1011.97,14.65,33.94,7.66,Cirrus,No Rain
26.66,52.61,1008.84,15.47,15.75,16.68,Cirrus,No Rain
21.46,100,1018.93,22.16,69.0,21.28,Cumulus,Rain
14.36,67.75,1016.09,3.89,62.55,5.87,Cumulus,No Rain
5.51,40.97,1028.74,2.35,39.53,-7.03,Cumulus,No Rain
22.72,76.78,1016.56,22.28,40.71,20.05,Cumulus,Rain
17.12,75.99,998.69,6.36,30.09,11.74,Cirrus,Rain
32.36,46.86,1006.88,20.45,68.74,20.15,Cumulus,Rain
21.02,50.91,1013.86,17.29,45.61,8.94,Cumulus,No Rain
28.23,82.45,1016.33,17.77,58.89,25.55,Cumulus,No Rain
13.78,72.8,1014.29,5.29,19.45,8.37,Cirrus,Rain
30.21,65.36,1006.74,7.64,68.48,25.9,Cumulus,Rain
24.99,17.29,1009.89,8.55,100,6.68,Cumulus,No Rain
14.11,84.25,1015.69,15.25,100,10.86,Cumulus,Rain
29.69,60.94,1009.09,26.86,14.98,24.12,Stratus,No Rain
9.11,93.85,1001.39,13.82,100,7.34,Nimbus,Rain
31.8,100,1012.76,32.23,33.54,28,Cirrus,Rain
24.63,61.68,1014.86,3.96,67.53,16.91,Cumulus,No Rain
34.42,91.4,1009.59,18.5,62.71,28,Cumulus,No Rain
18.17,50.08,1008.57,5.76,53.73,8.09,Cumulus,No Rain
19.26,56.87,1015.57,13.56,63.16,10.44,Cumulus,No Rain
22.65,68.87,1001.17,13.02,46.81,17.64,Cumulus,No Rain
18.88,57.09,1020.19,15.65,38.77,10.91,Cumulus,No Rain
17.59,65.04,1016.59,9.78,73.3,11.01,Cumulus,No Rain
29.5,73.56,1001.24,10.53,71.77,24.19,Cumulus,Rain
26.27,66.13,1002.63,9.11,72.1,20.37,Cumulus,Rain
27.24,56.0,999.95,8.45,43.38,19.51,Cumulus,No Rain
12.91,91.82,1010.78,5.11,47.22,10.23,Cumulus,No Rain
23.33,58.19,1005.77,31.0,80.03,15.66,Cumulonimbus,Rain
29.75,37.13,1019.66,10.02,51.78,19.62,Cumulus,No Rain
33.45,84.72,1008.36,24.47,36.54,28,Cumulus,No Rain
15.42,58.35,1003.74,23.76,94.92,7.12,Cumulus,Rain
7.1,47.51,1026.41,4.98,51.28,-2.54,Cumulus,No Rain
25.86,79.23,1016.79,7.6,69.99,23.1,Cumulus,Rain
0.24,72.26,1004.57,15.41,50.71,-4.37,Stratus,No Rain
19.43,57.17,1009.56,10.24,36.5,8.17,Cumulus,Rain
27.36,37.47,1019.18,43.05,100,15.74,Cumulonimbus,Rain
29.11,100,1012.89,8.69,79.32,28,Cumulus,Rain
9.82,52.0,1012.26,13.73,69.6,1.22,Stratus,No Rain
19.13,60.8,1005.05,8.91,65.06,10.84,Cumulus,Rain
28.84,81.51,1009.6,23.23,89.66,25.61,Clear,Rain
14.85,44.04,995.77,7.49,56.24,2.25,Cumulus,No Rain
31.2,59.03,1013.45,21.69,90.43,24.84,Cumulus,No Rain
27.63,21.5,1018.31,33.57,25.0,12.84,Cirrus,No Rain
14.33,81.47,1004.29,14.51,56.19,12.63,Cumulus,Rain
19.99,85.85,1012.03,3.57,81.65,16.26,Cumulus,Rain
7.59,87.49,1005.61,7.81,73.85,4.9,Cumulonimbus,Rain
27.65,56.69,1013.22,7.47,88.82,19.66,Cumulus,No Rain
18.34,69.0,1010.27,10.72,86.39,10.66,Cumulus,No Rain
4.51,68.51,1002.7,8.56,52.71,-4.37,Cumulus,No Rain
20.29,65.15,1023.02,9.03,76.21,11.76,Cumulus,No Rain
36.0,48.0,1010.5,8.56,79.81,25.09,Cumulus,No Rain
14.12,73.21,1016.49,7.78,81.4,8.89,Cumulus,No Rain
22.95,61.77,1016.89,7.47,14.73,13.21,Cirrus,No Rain
19.74,66.16,1017.14,10.6,21.34,12.38,Cirrus,No Rain
6.67,61.7,1016.49,5.84,45.8,0.17,Cumulus,No Rain
25.03,54.41,1012.29,10.87,72.4,12.29,Cirrus,No Rain
22.32,79.1,999.9,7.62,88.11,18.56,Cumulus,Rain
19.09,70.57,1020.77,5.12,75.92,13.25,Cumulus,No Rain
26.7,71.15,1013.45,18.77,30.34,21.42,Cirrus,No Rain
15.09,35.63,1011.1,20.07,45.32,2.15,Cumulus,No Rain
17.63,69.21,1007.89,0.47,26.82,13.27,Cirrus,No Rain
25.7,74.81,1005.77,22.17,32.49,20.41,Cirrus,Rain
26.54,65.1,1013.29,20.08,79.57,19.18,Cumulus,No Rain
20.92,69.99,1003.03,9.62,64.9,13.98,Cumulus,No Rain
7.07,90.82,1013.74,14.05,35.95,4.14,Cumulus,No Rain
21.68,38.21,1015.35,17.54,72.46,8.05,Cumulus,No Rain
8.33,77.99,1001.94,7.13,79.73,5.41,Stratus,Rain
28.17,98.4,1003.78,19.24,82.5,27.28,Nimbus,Rain
22.7,80.46,1003.0,6.91,74.46,18.45,Cumulus,Rain
18.41,98.4,1000.64,29.42,37.92,18.69,Cumulus,Rain
20.22,37.62,1000.86,10.37,100,7.38,Cumulus,Rain
6.59,66.45,1014.98,9.67,23.88,2.42,Cirrus,No Rain
16.25,93.83,1019.76,10.52,46.41,13.88,Cumulus,No Rain
19.7,51.4,1014.21,5.95,48.41,9.44,Cumulus,No Rain
39.17,65.34,1031.59,10.09,80.05,28,Cumulus,No Rain
7.41,60.67,1007.99,8.5,46.26,-0.73,Cumulus,No Rain
26.37,52.74,1007.07,10.43,64.82,16.4,Cumulus,No Rain
19.5,31.83,1020.96,6.65,23.97,5.74,Cirrus,No Rain
4.02,71.53,1023.87,8.33,64.2,-1.25,Stratus,No Rain
17.42,66.35,1015.18,27.43,69.77,10.38,Cumulonimbus,No Rain
10.98,28.96,1005.52,5.8,12.0,-3.46,Clear,Rain
19.54,92.27,1016.43,14.09,72.37,20.72,Cumulus,Rain
10.44,39.74,998.95,18.19,47.97,-2.52,Cumulus,No Rain
2.7,67.52,1004.44,10.89,64.47,-2.28,Stratus,No Rain
31.87,68.0,1015.73,31.22,38.59,28,Cumulus,No Rain
20.64,25.05,1019.24,7.28,100,5.12,Cumulus,No Rain
10.13,93.41,1007.38,15.38,54.26,8.3,Cumulus,No Rain
11.07,90.83,1006.85,11.44,40.73,10.27,Cumulus,Rain
26.59,30.53,1005.7,5.29,53.05,13.84,Cumulus,No Rain
25.9,56.81,1021.56,5.2,0,18.8,Cirrus,No Rain
9.59,58.88,1011.36,14.63,52.88,0.38,Cumulus,No Rain
24.21,70.61,1007.42,13.0,77.48,18.57,Cumulus,Rain
25.85,60.59,1023.39,12.31,49.63,18.27,Nimbus,Rain
27.58,53.68,1009.31,5.21,75.75,17.42,Cumulus,No Rain
20.14,100,1015.88,22.66,23.41,21.06,Cirrus,Rain
21.97,94.83,1008.5,13.16,60.21,22.38,Cumulus,Rain
16.7,31.25,1005.51,10.47,51.98,1.5,Cumulus,No Rain
34.65,81.19,1008.94,9.49,0.01,28,Cirrus,Rain
23.63,47.18,1007.6,11.53,36.79,13.9,Cumulus,No Rain
9.41,36.48,1005.5,10.52,53.69,-1.13,Cumulus,No Rain
28.91,94.13,1015.25,13.7,23.53,28,Cirrus,No Rain
24.17,33.21,1026.09,9.64,57.0,11.15,Cumulus,No Rain
12.98,38.16,1007.74,8.07,23.4,2.04,Cirrus,No Rain
24.12,51.37,1010.83,7.77,67.64,13.63,Cumulus,No Rain
19.2,44.22,1008.45,30.93,24.35,6.48,Cirrus,No Rain
30.34,24.43,1014.42,36.58,24.65,17.07,Cirrus,No Rain
30.31,87.49,1021.37,16.79,70.52,28,Cumulus,Rain
21.04,68.88,1017.93,8.5,15.69,14.19,Cirrus,No Rain
8.71,47.94,1021.54,26.89,25.2,-1.26,Cirrus,No Rain
22.09,22.74,1023.04,14.77,38.18,5.29,Cumulus,No Rain
27.93,46.95,1017.06,8.82,50.47,16.17,Cumulus,No Rain
18.29,61.46,1006.26,6.3,37.3,10.46,Cumulus,No Rain
22.82,42.05,1022.48,15.92,77.04,13.31,Cumulus,No Rain
18.48,92.94,1013.65,18.18,55.48,17.09,Cumulus,No Rain
20.88,58.74,1008.95,4.18,79.59,11.96,Clear,Rain
11.19,86.2,1013.59,12.13,76.09,6.96,Stratus,Rain
21.15,59.28,1021.14,7.18,70.25,13.42,Cumulus,No Rain
2.97,49.25,996.14,18.85,100,-6.0,Stratus,Rain
17.16,66.64,1010.41,7.19,95.88,9.91,Cumulus,No Rain
7.67,91.07,1017.02,9.49,76.77,5.28,Stratus,Rain
15.03,63.59,1014.2,3.05,48.01,7.15,Cumulus,No Rain
29.42,80.31,1010.92,21.31,58.67,26.11,Cumulus,No Rain
8.59,67.0,1014.62,16.55,79.54,1.91,Stratus,No Rain
20.5,91.43,1013.35,3.86,0,17.54,Cirrus,No Rain
12.14,42.07,1008.82,19.52,35.87,2.64,Cumulus,No Rain
4.43,26.77,1001.87,4.05,100,-8.33,Stratus,Rain
12.73,64.58,1009.46,8.21,27.39,6.09,Cirrus,No Rain
27.61,100,1025.94,4.54,62.64,27.03,Cumulus,No Rain
9.53,82.26,1004.19,22.06,100,5.74,Nimbus,Rain
23.39,57.54,1027.94,4.69,52.72,13.67,Cumulus,No Rain
-1.78,92.52,1012.58,12.74,23.61,-2.82,Cirrus,No Rain
13.99,59.77,1007.74,15.42,93.77,3.94,Cumulus,Rain
27.8,94.07,1020.88,11.28,81.69,27.42,Cumulus,Rain
11.86,44.03,1019.93,7.72,47.54,2.14,Nimbus,No Rain
10.57,90.32,1002.38,6.3,62.76,9.26,Stratus,Rain
4.26,62.17,1024.37,6.95,58.05,-2.27,Cumulus,No Rain
22.62,37.8,1008.44,17.56,56.01,10.18,Cumulus,No Rain
22.17,40.89,1017.56,15.87,70.32,10.96,Cumulus,No Rain
24.49,57.75,1021.67,6.82,88.41,15.67,Cumulus,No Rain
36.67,41.66,1008.5,5.19,100,23.96,Cumulus,Rain
24.71,75.48,1010.74,4.8,67.07,20.09,Cumulus,Rain
35.73,74.95,1010.47,19.15,61.41,28,Cumulus,No Rain
31.94,26.13,1005.71,9.8,74.4,17.43,Cirrus,Rain
22.14,66.05,1017.23,2.0,37.2,14.04,Cumulus,No Rain
25.95,65.11,1010.28,17.08,65.47,19.59,Cumulus,No Rain
4.79,42.32,1011.05,6.43,51.29,-6.46,Cumulus,No Rain
7.65,78.41,999.03,11.21,65.38,2.09,Stratus,Rain
17.29,48.58,1026.38,12.69,62.93,8.45,Cumulus,No Rain
25.05,51.02,1002.77,33.15,73.05,14.75,Cumulonimbus,Rain
11.86,65.61,1008.28,10.23,38.02,4.82,Cumulus,No Rain
10.79,94.13,1010.17,11.12,13.68,9.46,Cirrus,No Rain
20.63,39.99,1019.28,27.44,22.63,9.34,Cirrus,No Rain
42,65.3,1013.95,17.13,34.12,28,Cirrus,No Rain
16.66,76.39,1018.11,23.51,35.87,10.98,Cumulus,No Rain
7.15,55.99,985.11,18.08,61.02,-1.6,Stratus,No Rain
20.62,46.98,1010.03,13.53,17.94,11.15,Cirrus,No Rain
32.42,92.39,1032.61,15.34,85.15,28,Cumulus,Rain
32.48,43.71,1006.65,22.55,43.07,19.97,Cumulus,Rain
8.09,75.03,1013.69,14.18,29.35,4.52,Cirrus,No Rain
15.45,82.45,1000.93,4.83,0,12.01,Cirrus,Rain
21.26,69.16,999.93,17.86,55.15,13.42,Cumulus,No Rain
30.67,80.17,1015.23,7.78,47.39,28,Cumulus,No Rain
23.23,92.64,1002.24,6.05,27.57,19.43,Cirrus,Rain
14.09,42.25,1002.19,14.05,55.88,1.9,Cumulus,No Rain
24.71,59.74,1012.97,15.34,72.78,17.08,Cumulus,No Rain
24.26,55.15,1015.29,17.85,33.66,14.42,Cirrus,No Rain
-1.36,55.81,1010.96,11.86,54.99,-9.66,Cumulus,No Rain
9.63,32.24,1006.08,19.3,75.83,-3.3,Stratus,Rain
26.21,43.65,1016.4,13.38,61.33,13.67,Cumulus,No Rain
26.62,56.41,1013.09,11.37,92.89,19.42,Cumulus,No Rain
1.08,43.53,1015.66,3.9,44.49,-12.08,Cumulus,No Rain
22.04,59.89,1006.33,11.55,14.72,14.62,Cirrus,No Rain
21.26,69.51,1025.71,3.2,62.18,14.74,Cumulus,No Rain
25.53,86.65,1012.33,3.48,78.52,20.87,Cumulus,Rain
12.84,77.76,1017.61,10.2,70.3,9.9,Cumulus,Rain
5.4,47.11,1008.37,4.61,41.69,-4.89,Cumulus,No Rain
25.26,70.57,1026.08,31.01,80.52,17.98,Cumulonimbus,Rain
16.13,56.43,1016.49,14.83,56.57,8.92,Cumulus,No Rain
13.21,61.11,1014.46,11.78,1.32,5.3,Cirrus,No Rain
17.42,32.61,997.22,6.18,58.53,2.79,Cumulus,No Rain
15.21,36.77,1016.25,11.44,58.78,1.44,Cumulus,No Rain
8.31,66.72,1007.93,20.1,100,3.74,Stratus,Rain
26.75,99.52,1016.59,6.62,27.01,25.08,Cirrus,No Rain
15.77,63.21,1016.37,16.33,100,8.91,Cumulus,No Rain
24.88,92.66,1015.38,22.12,48.83,25.22,Cumulus,Rain
10.13,47.42,1011.02,11.22,34.54,2.03,Cirrus,No Rain
23.22,57.72,1013.02,7.86,87.68,15.32,Cumulus,Rain
19.24,94.15,1018.95,6.54,98.61,17.96,Cumulus,Rain
4.34,57.29,1014.66,22.05,51.75,-4.12,Cumulus,No Rain
12.47,38.81,1004.67,20.0,0,-1.16,Clear,No Rain
20.29,53.51,1014.22,3.36,92.9,11.89,Cumulus,No Rain
16.82,65.44,1016.48,14.22,68.68,11.63,Cumulus,No Rain
20.26,76.09,1015.4,1.46,60.36,13.01,Cumulus,No Rain
16.8,93.56,999.92,11.15,100,14.69,Nimbus,Rain
12.46,73.26,1019.78,4.43,49.99,4.94,Cumulus,No Rain
3.01,64.9,1015.38,9.89,37.93,-4.11,Cumulus,No Rain
2.7,19.36,1006.83,10.22,37.14,-13.22,Cumulus,No Rain
17.73,27.78,1024.39,7.38,68.05,2.68,Cumulus,No Rain
-3.97,53.72,1025.34,11.22,100,-13.21,Stratus,No Rain
14.49,69.54,1008.65,5.03,92.49,7.81,Cumulus,Rain
17.69,28.2,1019.91,11.05,70.13,2.33,Cumulus,No Rain
9.82,80.53,1010.33,10.32,55.63,6.02,Cumulus,No Rain
17.83,46.58,995.57,7.57,50.83,6.7,Cumulus,No Rain
17.9,53.81,1034.81,15.07,31.78,10.05,Cirrus,No Rain
36.29,63.87,1014.35,8.24,69.46,28,Cumulus,No Rain
23.19,86.07,1011.21,6.91,69.14,21.79,Cumulus,Rain
27.14,42.58,999.32,12.38,10.34,15.34,Clear,No Rain
17.85,91.22,1020.32,11.72,32.23,14.98,Cirrus,No Rain
37.0,84.34,1018.43,10.93,25.67,28,Cirrus,No Rain
2.78,10,1012.85,4.39,52.57,-14.48,Cumulus,No Rain
1.23,70.75,1009.27,10.9,70.31,-3.46,Stratus,No Rain
12.66,68.97,1017.54,11.11,33.48,5.28,Cirrus,No Rain
23.55,27.31,1004.44,13.38,23.82,8.17,Cirrus,No Rain
23.38,63.34,1024.99,4.39,68.94,14.82,Cumulus,No Rain
31.08,75.11,1034.59,6.94,61.73,25.26,Cumulus,No Rain
12.34,88.08,1012.07,18.03,46.47,10.04,Cumulus,No Rain
31.43,41.05,1022.0,12.88,0,21.14,Clear,No Rain
27.84,52.45,1014.24,27.06,40.89,18.67,Cumulus,No Rain
30.47,82.75,1010.23,11.5,76.81,25.41,Cumulus,Rain
27.14,45.48,1021.54,25.44,4.54,17.97,Cirrus,No Rain
3.79,61.32,1007.14,6.82,80.28,-2.91,Stratus,Rain
15.44,72.06,1015.6,8.01,100,9.52,Cumulus,No Rain
23.8,93.36,1003.17,15.18,51.02,20.41,Cumulus,Rain
6.06,77.76,1002.85,13.68,92.54,1.28,Stratus,Rain
32.33,55.19,1008.94,5.15,57.99,22.61,Cumulus,No Rain
25.59,76.15,1027.07,7.35,77.57,21.28,Nimbus,Rain
26.9,50.8,1012.76,16.72,48.64,14.18,Cumulus,No Rain
30.52,38.74,1013.87,10.98,100,18.61,Cumulus,No Rain
24.04,85.81,1017.59,16.67,52.28,22.2,Cumulus,No Rain
16.26,94.5,1009.7,8.52,40.74,15.16,Cumulus,No Rain
16.91,39.85,1025.66,4.75,14.19,4.72,Clear,No Rain
16.14,92.24,1008.69,12.69,49.0,12.76,Cumulus,Rain
14.57,48.96,1025.65,5.74,97.44,4.25,Cumulus,No Rain
22.02,47.39,1027.3,7.04,82.76,10.93,Cumulus,No Rain
14.2,100,1016.4,7.83,27.75,15.27,Cirrus,No Rain
20.53,75.74,1008.68,10.44,71.67,16.05,Cumulus,Rain
19.82,75.74,1023.23,25.78,59.99,13.97,Cumulonimbus,No Rain
18.35,66.07,1007.55,20.29,62.99,12.35,Cumulus,No Rain
33.2,66.84,1017.85,7.21,97.48,25.84,Cumulus,No Rain
17.93,70.51,998.67,7.96,75.31,10.79,Cumulus,Rain
26.36,80.7,1012.83,9.62,32.15,21.98,Cirrus,No Rain
3.91,30.1,1020.39,15.48,0,-8.04,Clear,No Rain
9.76,26.16,1019.68,9.38,100,-3.65,Stratus,Rain
2.35,74.42,1011.25,21.12,54.62,-3.11,Cumulus,No Rain
22.11,100,1002.66,20.06,32.76,22.79,Cirrus,Rain
7.51,50.41,1011.92,18.46,60.09,-1.36,Stratus,No Rain
7.72,59.06,1013.06,26.67,64.63,-0.74,Stratus,No Rain
2.13,59.73,1029.7,11.7,35.34,-7.05,Cumulus,No Rain
19.04,60.41,1009.39,19.55,67.48,11.19,Cumulus,No Rain
4.69,52.64,1014.76,7.19,75.76,-6.1,Stratus,No Rain
9.76,100,1014.56,22.15,41.9,7.71,Cumulus,Rain
34.12,75.54,1011.98,6.63,33.06,28,Cirrus,No Rain
25.43,54.4,1019.59,8.9,61.49,16.61,Cumulus,No Rain
0.32,55.2,1020.45,6.52,54.81,-7.94,Cumulus,No Rain
8.55,66.01,1005.95,16.61,56.57,0.53,Cumulus,No Rain
12.02,76.65,1011.07,4.46,59.41,5.89,Cumulus,No Rain
22.4,75.06,1001.15,36.76,88.87,19.35,Cumulonimbus,Rain
2.99,59.89,1017.32,9.39,60.9,-3.15,Stratus,No Rain
12.97,59.5,1023.05,8.13,17.05,3.73,Cirrus,No Rain
4.89,58.06,1015.32,11.53,71.1,-5.78,Stratus,No Rain
20.51,66.94,1016.04,11.67,35.55,14.95,Cumulus,No Rain
24.88,52.38,1020.13,9.13,44.39,13.38,Cumulus,No Rain
5.02,71.12,1006.22,12.71,39.27,-0.07,Cumulus,No Rain
15.66,88.05,1006.62,26.86,87.16,12.39,Nimbus,No Rain
19.73,65.3,1006.07,10.55,48.77,12.83,Cumulus,Rain
24.29,49.45,1007.8,11.64,74.02,15.07,Cumulus,Rain
22.14,66.18,1009.24,14.93,49.63,15.08,Cumulus,No Rain
20.49,46.5,1006.08,7.83,81.02,9.72,Cumulus,Rain
24.71,53.18,1005.07,7.9,100,14.11,Cumulus,Rain
30.65,62.14,1022.29,2.02,33.84,23.06,Cirrus,No Rain
20.18,94.51,1017.57,24.22,55.58,17.94,Cumulus,Rain
13.49,39.94,1000.11,25.6,36.15,1.95,Cumulus,No Rain
20.16,64.85,1003.28,4.38,26.05,13.37,Cirrus,No Rain
11.56,45.83,1008.83,11.98,35.16,-0.68,Cumulus,No Rain
25.68,88.6,1003.72,2.16,74.09,24.31,Cumulus,Rain
30.83,68.02,1023.6,18.48,73.42,25.19,Cumulus,No Rain
18.13,97.98,1003.43,9.17,38.44,16.21,Cumulus,Rain
20.76,67.75,1026.9,13.52,78.44,13.94,Cumulus,No Rain
25.2,57.68,1010.12,11.82,43.38,17.53,Cumulus,No Rain
22.02,74.31,1006.87,2.22,40.95,17.39,Cumulus,No Rain
14.13,50.8,1012.69,9.94,91.59,3.37,Cumulus,No Rain
11.33,100,1005.21,7.12,55.46,11.75,Cumulus,No Rain
16.25,53.1,1018.11,8.3,33.64,7.38,Cirrus,No Rain
38.09,50.77,1013.23,6.43,28.68,27.22,Cirrus,No Rain
15.5,89.53,1015.73,8.95,58.01,12.95,Cumulus,No Rain
25.99,62.67,1017.42,11.96,4.92,19.18,Cirrus,No Rain
28.05,69.57,1021.69,31.69,45.27,18.22,Cumulus,No Rain
17.54,84.7,1011.29,15.47,98.59,12.24,Cumulus,Rain
21.94,82.55,1001.0,5.01,42.54,19.7,Cumulus,Rain
30.32,81.7,1017.16,9.48,66.15,25.15,Cumulus,Rain
31.31,71.76,1012.68,11.56,41.06,23.19,Cumulus,No Rain
7.63,80.18,1007.52,9.25,100,4.35,Nimbus,Rain
9.9,81.96,1011.49,22.24,70.14,7.76,Stratus,Rain
25.61,43.95,1010.54,9.01,62.92,12.96,Cumulus,No Rain
8.1,89.39,1019.53,10.41,50.44,5.49,Cumulus,No Rain
25.52,38.73,1007.79,17.16,52.53,13.19,Cumulus,No Rain
8.85,75.23,1009.92,4.57,30.37,5.25,Cirrus,No Rain
23.98,42.74,1008.7,13.46,65.66,10.38,Cumulus,Rain
18.35,90.87,1012.72,5.84,10.95,14.43,Cirrus,No Rain
18.72,39.73,1000.0,6.23,66.95,8.38,Cumulus,Rain
14.72,52.55,1019.89,5.62,0,4.24,Cirrus,No Rain
16.38,77.33,1011.51,17.6,46.71,13.38,Cumulus,No Rain
12.18,48.7,1004.9,2.17,53.4,2.2,Cumulus,No Rain
17.29,85.77,1007.73,12.31,73.37,15.06,Cumulus,Rain
4.98,64.13,1010.3,29.07,91.54,-2.47,Stratus,Rain
15.68,52.5,1018.6,16.01,70.44,6.47,Cumulus,No Rain
12.03,84.38,1008.16,18.33,15.13,7.43,Cirrus,Rain
27.04,59.71,1024.71,4.68,100,18.86,Cumulus,No Rain
12.16,38.5,1013.2,17.21,89.61,-1.5,Cumulus,No Rain
26.0,66.87,1012.81,27.64,9.76,19.98,Cirrus,No Rain
3.36,89.73,1008.84,9.04,55.48,0.37,Cumulus,Rain
24.32,61.11,1002.45,14.93,68.12,17.73,Cumulus,Rain
15.55,35.3,1006.91,5.56,4.19,2.71,Clear,No Rain
1.57,61.07,998.5,25.7,46.38,-6.47,Cumulus,Rain
13.26,49.76,1001.91,17.14,88.01,5.4,Cumulus,Rain
18.28,55.33,1013.19,7.23,75.6,8.25,Cumulus,No Rain
17.48,84.58,1009.02,12.85,35.03,15.03,Cumulus,No Rain
17.14,81.12,1007.22,9.52,87.58,12.86,Nimbus,Rain
22.7,45.29,1023.66,9.43,93.56,10.9,Cumulus,No Rain
11.02,69.26,1014.86,16.28,52.9,2.98,Cumulus,No Rain
30.37,60.5,1015.63,15.72,54.1,23.32,Cumulus,No Rain
11.6,96.07,1013.53,31.03,25.53,9.31,Cirrus,No Rain
22.44,70.47,1010.68,12.9,69.32,15.49,Cumulus,Rain
18.43,47.22,1000.71,6.52,61.16,8.56,Cumulus,No Rain
23.21,54.96,1023.09,6.42,20.75,13.69,Cirrus,No Rain
16.39,59.74,1021.84,12.94,74.73,9.15,Cumulus,No Rain
18.31,100,1018.86,7.83,27.09,18.1,Cirrus,No Rain
14.03,77.82,1010.76,7.89,57.49,8.3,Cumulus,No Rain
25.75,98.91,1005.76,10.81,46.21,25.54,Cumulus,Rain
33.7,47.27,1008.84,5.14,89.84,22.61,Cumulus,Rain
1.81,43.78,1003.35,23.43,100,-8.54,Stratus,Rain
32.16,58.97,1018.79,16.91,22.19,25.1,Cirrus,No Rain
7.67,56.75,1010.95,6.24,50.87,1.88,Cumulus,No Rain
10.59,63.76,1005.12,15.5,73.58,4.45,Stratus,Rain
3.21,41.01,1008.02,4.97,28.9,-8.27,Cirrus,No Rain
15.12,49.41,1014.94,6.37,18.3,7.17,Cirrus,No Rain
29.85,66.98,998.51,13.19,38.45,22.08,Cumulus,No Rain
12.27,77.07,1019.34,10.02,35.8,6.37,Cumulus,No Rain
9.53,45.21,1033.6,11.38,29.68,-1.38,Cirrus,No Rain
31.79,55.2,1015.03,15.59,35.72,19.94,Cumulus,No Rain
19.79,75.45,1015.57,15.07,96.32,14.82,Cumulus,Rain
11.78,47.53,1020.62,15.65,17.98,0.13,Cirrus,No Rain
3.78,52.74,1012.5,12.81,75.38,-5.0,Stratus,No Rain
13.99,65.69,996.04,10.26,42.89,6.77,Cumulus,No Rain
13.55,83.14,1010.46,2.27,54.96,8.08,Cumulus,No Rain
4.09,43.19,1005.89,16.82,80.18,-5.84,Stratus,Rain
33.93,58.06,1009.12,6.92,65.42,27.45,Cumulus,No Rain
10.86,70.82,1006.06,23.68,59.65,3.23,Cumulus,No Rain
22.87,53.76,1003.89,23.85,55.65,14.62,Cumulus,Rain
-8,36.74,1006.44,11.98,52.77,-15,Cumulus,No Rain
14.3,52.14,1001.45,20.52,7.04,5.26,Cirrus,Rain
4.53,56.71,1016.29,9.14,85.91,-3.56,Stratus,No Rain
15.02,70.44,1006.54,13.95,28.88,8.44,Cirrus,No Rain
21.06,85.03,1019.66,17.49,54.98,16.86,Cumulus,No Rain
16.43,81.7,1019.37,8.34,66.39,14.87,Cumulus,Rain
15.3,59.91,1016.03,12.64,90.38,6.32,Cumulus,No Rain
11.69,52.71,1023.63,19.52,61.79,-0.24,Stratus,No Rain
23.79,61.98,1014.38,17.28,0,17.72,Cirrus,No Rain
11.08,38.44,1000.84,14.22,70.14,-2.51,Stratus,Rain
30.7,55.55,1013.03,23.87,100,21.24,Cumulus,Rain
2.43,66.7,1004.07,23.91,100,-4.81,Stratus,Rain
13.65,50.24,1016.21,22.62,77.94,3.93,Cumulus,No Rain
13.24,46.05,1032.59,20.96,51.51,4.13,Cumulus,No Rain
19.92,83.91,1014.72,4.91,34.4,14.41,Cirrus,No Rain
14.46,75.16,1029.58,6.81,48.98,8.88,Cumulus,No Rain
15.43,57.79,1004.77,8.91,38.23,7.16,Cumulus,No Rain
10.83,57.07,1014.9,17.09,55.98,3.19,Cumulus,No Rain
20.19,76.16,1014.12,6.97,81.8,16.29,Cumulus,Rain
11.76,90.0,1014.99,12.43,8.4,9.2,Cirrus,No Rain
10.77,81.43,1005.08,4.08,19.72,8.42,Stratus,Rain
15.27,39.47,1010.96,16.92,26.81,4.16,Nimbus,No Rain
25.37,40.88,1013.75,11.33,34.32,13.12,Nimbus,No Rain
16.01,65.47,1001.03,2.42,54.95,11.25,Stratus,No Rain
18.06,36.21,1012.54,24.18,69.7,4.85,Cumulus,No Rain
6.36,100,1018.72,14.17,26.96,7.26,Cirrus,No Rain
25.24,66.09,1017.31,7.92,71.97,17.67,Cumulus,No Rain
11.1,84.37,1009.62,11.21,56.5,6.46,Cumulus,No Rain
17.78,67.86,1024.12,7.65,6.77,10.77,Cirrus,No Rain
22.81,53.52,1001.84,4.54,0,14.3,Cirrus,No Rain
10.41,100,1007.98,18.07,68.66,11.12,Stratus,No Rain
18.87,68.06,1008.78,4.65,15.4,12.34,Cirrus,No Rain
24.34,66.06,1017.68,11.82,2.91,15.18,Cirrus,No Rain
18.79,51.71,1019.78,34.21,50.14,9.73,Cumulonimbus,No Rain
21.98,65.27,1004.22,7.64,76.9,14.04,Cumulus,Rain
15.31,63.13,1025.42,11.81,0.88,8.57,Cirrus,No Rain
13.11,74.24,1003.03,26.36,100,8.36,Cumulonimbus,Rain
8.55,80.71,1002.46,12.21,57.45,5.43,Cumulus,Rain
24.87,36.7,1005.29,12.8,95.67,13.3,Cumulus,Rain
17.72,60.24,1021.69,3.37,76.05,8.84,Cumulus,No Rain
-8,49.24,1000.05,3.65,90.96,-15,Stratus,Rain
2.58,92.73,1002.8,11.01,80.14,1.99,Nimbus,Rain
14.57,85.48,1008.73,11.11,99.72,9.55,Cumulus,Rain
16.83,50.15,1008.9,9.58,34.99,5.03,Cirrus,No Rain
17.33,95.37,1004.71,11.08,50.39,15.24,Cumulus,Rain
26.29,95.49,1008.36,10.9,74.39,26.29,Cumulus,No Rain
19.07,43.5,1003.78,15.14,66.25,7.8,Cumulus,Rain
11.91,73.75,1016.47,12.12,53.64,4.63,Cumulus,No Rain
36.71,89.73,1013.39,5.5,0,28,Cirrus,No Rain
20.81,93.48,1009.59,6.43,59.84,21.32,Cumulus,No Rain
25.76,86.68,1017.5,10.35,45.8,24.09,Cumulus,No Rain
0.63,23.32,1028.09,8.13,79.5,-15,Stratus,No Rain
11.95,85.89,1001.2,15.21,85.57,8.23,Nimbus,No Rain
17.75,73.79,996.49,8.25,66.94,11.55,Cumulus,Rain
15.7,73.0,1022.98,21.25,45.6,11.02,Cumulus,No Rain
18.33,87.39,1023.28,9.33,0,17.85,Cirrus,No Rain
21.22,43.29,1024.5,13.97,1.88,8.74,Clear,Rain
20.98,56.44,992.66,6.45,83.54,12.89,Cumulus,Rain
37.09,56.58,992.79,37.16,28.29,28,Cirrus,Rain
4.92,42.26,1010.59,7.11,99.67,-5.63,Stratus,No Rain
19.62,53.19,1015.73,17.24,26.07,9.87,Cirrus,No Rain
27.03,42.05,1009.53,12.18,62.16,15.6,Cumulus,No Rain
15.96,54.54,1023.99,19.66,60.62,8.79,Cumulus,No Rain
18.33,72.03,1011.03,8.44,91.39,14.56,Cumulus,No Rain
16.89,85.56,1016.95,20.06,37.57,13.25,Cumulus,No Rain
25.24,58.98,1026.75,7.61,87.55,17.54,Cumulus,No Rain
-2.51,52.42,1012.49,12.66,59.26,-12.34,Cumulus,No Rain
12.18,33.12,1018.37,5.75,50.36,0.56,Cumulus,No Rain
10.75,49.7,1013.99,5.13,59.77,-1.1,Cumulus,No Rain
6.94,51.25,1007.0,14.49,64.41,-3.37,Stratus,No Rain
19.04,96.17,1020.59,16.63,49.17,17.19,Cumulus,No Rain
19.2,36.29,1029.21,16.14,48.62,7.02,Cumulus,No Rain
10.28,51.79,1011.03,2.37,71.46,-0.79,Stratus,No Rain
36.23,100,1011.34,23.94,40.73,28,Cumulus,Rain
6.76,62.3,1010.25,16.81,38.59,1.83,Cumulus,No Rain
13.99,83.96,1008.08,22.6,70.94,10.16,Cumulus,Rain
12.34,51.67,1006.3,13.22,100,3.83,Cumulus,Rain
16.6,38.81,1019.01,9.02,82.04,3.08,Cumulus,No Rain
4.24,50.29,1014.71,16.62,100,-4.75,Stratus,No Rain
25.2,42.62,1002.88,14.39,94.73,14.47,Cumulus,Rain
30.88,94.51,1001.79,5.56,79.12,28,Cumulus,Rain
19.92,96.95,1016.43,19.13,91.63,16.46,Cumulus,Rain
21.99,76.94,1015.69,11.95,50.28,15.28,Cumulus,No Rain
30.05,52.71,1021.18,22.52,32.37,19.5,Cirrus,No Rain
22.26,100,994.2,8.4,2.93,23.07,Cirrus,Rain
28.08,93.09,1009.33,9.31,17.87,27.64,Cirrus,No Rain
25.3,74.24,1013.05,6.45,50.75,21.83,Cumulus,No Rain
10.28,62.61,1012.67,19.21,21.2,2.2,Cirrus,No Rain
2.24,80.86,998.68,16.55,86.02,-2.92,Nimbus,Rain
21.12,52.83,1022.67,3.69,64.49,12.5,Cumulus,No Rain
26.72,89.54,1019.9,8.3,66.18,23.89,Cumulus,Rain
12.67,51.26,1008.63,27.34,28.58,0.8,Cirrus,No Rain
22.62,85.01,1009.51,7.01,31.29,19.88,Cirrus,Rain
14.36,48.99,1012.75,7.95,51.12,3.81,Cumulus,No Rain
22.54,72.47,1009.57,8.04,85.66,16.27,Cumulus,No Rain
16.59,65.96,1019.37,9.33,75.2,10.05,Cumulus,No Rain
31.91,70.56,1007.01,13.58,74.65,27.02,Cumulus,Rain
-3.22,75.87,1013.48,32.24,24.3,-10.63,Cirrus,Rain
13.64,58.52,1018.07,5.68,4.15,5.44,Cirrus,No Rain
15.7,31.96,1004.03,24.75,100,0.39,Cumulus,Rain
16.99,47.92,1029.98,18.13,39.27,6.02,Cumulus,No Rain
27.7,51.81,1014.39,5.68,56.34,20.35,Cumulus,No Rain
29.71,94.19,1004.3,16.94,4.96,28,Cirrus,Rain
11.52,86.4,1012.04,6.15,29.47,8.35,Cirrus,No Rain
9.44,75.46,1016.9,17.91,38.32,2.18,Cumulus,No Rain
27.31,56.97,1009.88,4.44,56.23,16.75,Cumulus,No Rain
9.6,51.46,1002.6,4.93,52.22,1.98,Cumulus,No Rain
21.84,53.75,1015.92,13.32,11.14,12.49,Cirrus,No Rain
21.45,47.97,1002.55,17.06,73.06,13.06,Cumulus,Rain
17.36,40.85,1013.3,1.92,51.39,4.84,Nimbus,No Rain
28.19,84.27,1017.75,16.16,32.1,24.46,Cirrus,No Rain
23.89,59.42,998.24,21.46,87.43,15.34,Cumulus,Rain
14.19,61.04,1011.27,15.45,100,5.93,Cumulus,No Rain
18.88,85.84,1013.88,13.41,44.99,16.19,Cumulus,No Rain
20.95,59.79,1009.16,9.83,83.02,12.1,Cumulus,No Rain
24.83,65.07,1002.53,7.23,62.15,17.88,Cumulus,No Rain
13.42,79.77,1013.51,12.15,34.93,9.43,Cirrus,No Rain
16.33,56.24,1003.53,15.02,31.73,8.16,Cirrus,No Rain
22.19,65.74,1011.78,47.16,64.61,15.08,Cumulonimbus,No Rain
25.67,47.24,1035,12.96,90.11,15.47,Cumulus,No Rain
8.41,55.29,1008.0,13.02,39.89,-1.39,Cumulus,No Rain
24.24,70.63,1023.72,2.76,48.81,19.38,Cumulus,No Rain
18.26,68.74,1007.46,5.12,13.65,10.43,Cirrus,No Rain
12.76,65.33,1007.4,15.78,33.45,6.95,Cirrus,No Rain
12.88,83.76,1008.2,3.16,80.2,9.95,Cumulus,Rain
17.28,97.89,994.62,5.02,36.73,15.63,Cumulus,Rain
26.69,79.45,1002.52,12.95,20.09,21.93,Cirrus,Rain
25.94,77.28,997.22,7.38,31.98,21.22,Cirrus,Rain
29.23,70.35,1014.55,9.37,27.35,21.57,Cirrus,No Rain
7.09,61.62,1018.66,6.05,64.43,-1.25,Stratus,No Rain
18.35,72.96,1008.16,4.31,69.88,14.08,Cumulus,Rain
25.07,45.53,1019.25,5.47,89.28,15.59,Cumulus,No Rain
16.51,67.98,998.6,4.79,68.88,10.42,Cumulus,Rain
13.99,68.17,1008.06,9.17,95.5,7.13,Cumulus,Rain
6.51,67.22,1009.32,8.19,38.14,0.1,Cumulus,No Rain
21.24,90.71,1011.96,18.33,49.49,19.93,Cumulus,No Rain
14.39,85.36,1003.73,14.51,54.58,15.84,Cumulus,Rain
28.17,52.39,1003.99,13.4,62.02,19.53,Cumulus,No Rain
11.98,76.11,1021.61,11.9,88.7,6.27,Stratus,Rain
19.23,78.7,1012.95,8.13,0,12.9,Cirrus,No Rain
19.57,92.17,1009.92,4.7,27.98,17.17,Cumulonimbus,Rain
22.3,81.66,1023.74,11.76,91.99,19.32,Cumulonimbus,Rain
14.93,70.18,1013.7,16.52,45.14,9.13,Cumulus,Rain
12.73,68.77,1011.3,8.54,24.01,6.3,Cirrus,No Rain
19.99,36.91,1016.33,12.99,20.76,4.86,Cirrus,No Rain
21.93,71.55,1012.42,31.76,65.81,16.25,Cumulonimbus,Rain
26.46,42.74,1005.25,15.12,100,16.13,Cumulus,Rain
-1.22,72.12,1010.69,5.13,46.89,-6.62,Stratus,Rain
24.27,57.56,1006.78,23.9,100,14.69,Cumulus,Rain
12.65,56.07,1006.22,14.32,47.28,2.81,Cumulus,No Rain
28.25,62.94,1005.68,19.51,8.23,22.88,Cirrus,No Rain
7.83,55.96,1002.01,6.67,74.3,-1.08,Stratus,Rain
17.34,42.26,1014.87,14.4,37.12,3.41,Cumulus,No Rain
26.74,57.17,993.86,6.97,30.89,17.77,Cirrus,No Rain
24.6,62.18,1000.43,16.99,16.14,16.53,Cirrus,No Rain
19.15,80.46,1010.37,7.06,60.93,12.57,Cumulus,No Rain
10.23,73.07,1008.56,29.31,50.3,4.24,Cumulonimbus,No Rain
19.09,67.92,1013.35,18.34,5.26,10.85,Cirrus,No Rain
16.01,77.95,1001.71,11.7,31.34,10.66,Cirrus,Rain
41.72,100,1012.5,15.22,38.2,28,Cumulus,No Rain
9.27,59.89,1022.14,6.09,44.39,-0.61,Cumulus,Rain
7.27,82.64,1008.34,4.48,72.45,2.18,Stratus,Rain
16.37,71.94,1021.59,6.91,70.91,10.72,Cumulus,No Rain
33.46,70.49,1014.63,7.63,52.87,26.12,Cumulus,No Rain
26.08,41.45,1004.6,3.65,80.75,16.9,Cumulus,Rain
11.86,51.89,1012.73,8.23,84.76,3.52,Stratus,No Rain
9.22,44.72,997.32,10.04,86.4,-3.26,Stratus,Rain
23.99,90.13,1011.45,7.3,50.98,20.82,Cumulus,No Rain
29.7,75.89,1017.62,2.83,51.85,24.84,Cumulus,No Rain
22.46,53.51,1014.39,4.1,50.55,13.25,Cumulus,No Rain
15.02,61.5,1006.82,6.66,46.24,7.67,Cumulus,No Rain
7.21,47.01,1017.07,5.01,30.1,-4.19,Cirrus,No Rain
2.15,49.05,1014.6,6.76,70.51,-7.97,Stratus,No Rain
11.06,99.91,1008.55,20.4,44.91,9.61,Cumulus,Rain
20.64,59.76,1013.17,3.48,35.56,11.44,Cumulus,No Rain
11.32,80.51,1015.68,18.53,31.89,5.86,Cirrus,No Rain
16.27,53.54,1002.93,15.51,58.71,6.64,Cumulus,No Rain
21.21,62.95,1019.91,7.71,5.22,15.11,Cirrus,No Rain
23.0,66.58,1008.99,13.6,76.01,15.53,Cumulus,Rain
12.24,30.8,1012.89,19.28,60.34,-2.36,Cumulus,No Rain
22.72,51.08,1006.14,16.5,84.69,12.75,Cumulus,Rain
11.0,38.22,990.84,7.4,70.63,-0.46,Stratus,Rain
14.18,68.92,1005.27,19.65,81.78,8.53,Cumulus,Rain
33.5,69.91,1011.45,14.66,54.31,28,Cumulus,No Rain
34.69,55.86,1013.84,31.2,66.93,25.06,Cumulonimbus,Rain
17.18,53.11,989.89,21.14,44.6,8.42,Cumulus,Rain
5.12,39.07,1007.86,12.15,50.25,-5.42,Cumulus,No Rain
23.75,27.14,1019.14,16.07,80.04,10.8,Cumulus,No Rain
17.29,61.36,1028.03,8.95,39.46,9.53,Cumulus,No Rain
22.72,63.82,1010.8,11.11,68.77,16.15,Nimbus,No Rain
19.68,96.04,1014.33,5.91,75.75,18.28,Cumulus,Rain
42,81.05,1017.64,14.53,2.98,28,Cirrus,No Rain
14.32,71.24,1019.53,15.58,13.62,6.79,Cirrus,No Rain
20.43,64.57,1018.46,8.03,31.97,14.16,Cirrus,No Rain
29.11,69.81,1008.75,14.01,99.15,23.0,Cumulus,Rain
14.01,100,1006.93,5.64,39.55,14.83,Stratus,Rain
8.17,79.27,1010.98,19.17,42.74,3.68,Cumulus,No Rain
22.7,65.41,1016.76,17.05,77.78,15.36,Cumulus,No Rain
8.6,70.92,1009.52,8.36,79.49,2.19,Stratus,No Rain
4.49,95.67,1007.0,17.58,67.72,3.79,Stratus,Rain
22.31,79.91,1003.45,6.7,53.77,16.85,Cumulus,Rain
14.99,81.0,1011.32,14.91,100,11.52,Cumulus,Rain
26.29,49.93,1009.12,5.38,18.84,18.57,Cirrus,No Rain
25.75,83.61,1020.05,18.53,59.69,20.72,Cumulus,No Rain
32.11,74.15,1007.09,9.28,77.87,25.1,Cumulus,Rain
7.01,39.56,1015.36,13.91,46.42,-4.07,Cumulus,No Rain
23.61,52.38,1014.53,14.45,45.32,13.17,Cumulus,No Rain
26.68,67.85,1008.33,9.78,61.87,20.77,Cumulus,No Rain
2.56,60.29,1028.5,6.97,78.2,-5.58,Stratus,No Rain
14.88,85.28,1005.12,10.57,70.64,12.54,Cumulus,Rain
10.42,44.88,1018.87,12.08,26.06,1.06,Cirrus,No Rain
12.01,73.74,1007.57,13.27,22.24,6.39,Cirrus,No Rain
3.41,62.27,1021.99,15.65,46.78,-5.01,Cumulus,No Rain
8.77,87.03,1010.27,16.55,32.09,6.2,Cirrus,No Rain
20.99,33.42,1018.25,9.12,11.31,7.1,Clear,No Rain
12.64,68.49,1010.08,10.81,69.16,7.45,Cumulus,No Rain
10.74,89.27,1009.41,9.89,84.34,8.48,Stratus,Rain
15.9,49.29,1021.78,13.14,0,5.47,Cirrus,No Rain
17.42,42.77,1001.01,27.47,24.77,6.08,Cirrus,No Rain
-2.31,90.26,1011.12,10.34,74.63,-4.28,Stratus,No Rain
25.49,39.14,1020.11,17.36,65.58,14.04,Cumulus,No Rain
9.5,49.5,997.4,9.19,32.17,-1.6,Cirrus,No Rain
21.24,75.84,1009.97,8.57,22.76,17.0,Cirrus,No Rain
29.02,36.47,1007.95,3.38,100,18.82,Cumulus,Rain
20.47,48.49,1015.2,18.22,72.33,10.53,Cumulus,No Rain
11.13,60.24,1007.19,12.41,20.78,3.94,Cirrus,No Rain
16.07,48.17,1007.09,6.04,80.42,6.4,Cumulus,Rain
22.48,60.48,1030.53,10.0,27.58,14.8,Cirrus,No Rain
-0.97,47.16,995.58,6.02,14.83,-11.53,Cirrus,Rain
16.48,64.12,1008.28,6.15,84.07,8.47,Cumulus,Rain
26.77,68.26,1009.88,9.86,89.97,21.49,Cumulus,No Rain
14.65,59.34,1010.74,12.77,22.07,5.41,Cirrus,No Rain
11.68,46.61,1015.27,17.65,40.77,1.74,Cumulus,No Rain
19.03,35.72,1006.88,3.98,94.92,5.6,Cumulus,Rain
10.46,51.92,1020.25,9.64,43.26,1.64,Cumulus,No Rain
19.48,48.11,1006.3,15.22,78.43,8.48,Cumulus,Rain
20.3,78.82,1009.74,19.84,36.3,17.51,Cumulus,No Rain
23.34,58.31,1008.37,6.54,94.79,13.09,Cumulus,Rain
19.06,87.19,1011.96,22.03,37.26,15.72,Cumulus,Rain
12.53,53.64,1013.64,13.89,42.04,3.66,Cumulus,No Rain
12.86,34.09,1033.79,6.42,35.41,-2.76,Cumulus,No Rain
11.62,47.5,1019.87,5.81,50.45,1.13,Cumulus,No Rain
23.67,39.04,1026.82,11.54,9.92,11.38,Clear,No Rain
34.56,70.12,1021.9,18.24,21.82,28,Clear,No Rain
15.74,49.85,1008.27,11.42,83.63,4.65,Cumulus,Rain
11.0,53.87,1010.68,13.3,87.73,3.39,Stratus,No Rain
15.32,34.21,1012.23,6.97,33.42,0.41,Cumulonimbus,No Rain
1.02,45.72,1017.77,26.07,0,-6.61,Cirrus,No Rain
15.79,70.38,1002.48,32.57,62.19,10.15,Cumulonimbus,No Rain
-8,66.43,1019.71,17.91,50.7,-14.58,Cumulus,No Rain
7.9,44.75,1002.87,1.02,43.24,-4.96,Cumulus,No Rain
20.48,22.4,1013.51,10.12,42.19,5.07,Cumulus,No Rain
16.38,80.98,1015.41,14.68,100,11.5,Cumulus,Rain
12.34,39.64,1018.24,9.39,100,0.75,Cumulus,No Rain
1.77,72.12,998.93,2.78,56.05,-4.28,Cumulus,No Rain
21.67,82.54,1023.61,16.0,49.66,17.97,Nimbus,No Rain
26.26,51.88,1023.67,12.23,27.03,15.84,Cirrus,No Rain
6.34,68.38,1022.73,9.28,100,-0.14,Stratus,No Rain
12.95,81.16,1007.18,20.17,20.16,9.68,Cirrus,Rain
24.31,67.46,1006.58,8.74,67.55,15.53,Cumulus,Rain
21.81,85.48,1014.13,7.61,17.17,17.12,Cirrus,No Rain
24.92,56.57,1003.97,13.56,93.76,15.04,Stratus,Rain
14.13,65.19,1013.92,16.94,32.27,5.52,Cirrus,No Rain
16.37,60.83,1022.53,12.87,50.92,6.74,Cumulus,No Rain
